img_id,patient_id,pad_label,true_class,predicted_class,correct,malignant_score
PAT_1516_1765_530.png,PAT_1516,NEV,멜라닌세포모반,멜라닌세포모반,1,0.002733
PAT_46_881_939.png,PAT_46,BCC,기저세포암,표피낭종,0,0.063579
PAT_1545_1867_547.png,PAT_1545,ACK,광선각화증,악성흑색종,0,0.969634
PAT_1989_4061_934.png,PAT_1989,ACK,광선각화증,표피낭종,0,0.173271
PAT_684_1302_588.png,PAT_684,BCC,기저세포암,악성흑색종,0,0.577624
PAT_1549_1882_230.png,PAT_1549,SEK,지루각화증,악성흑색종,0,0.533789
PAT_778_1471_835.png,PAT_778,BCC,기저세포암,표피낭종,0,0.249334
PAT_117_179_983.png,PAT_117,BCC,기저세포암,악성흑색종,0,0.583135
PAT_1995_4080_695.png,PAT_1995,ACK,광선각화증,광선각화증,1,0.030805
PAT_705_4015_413.png,PAT_705,ACK,광선각화증,악성흑색종,0,0.701865
PAT_2140_4726_141.png,PAT_2140,ACK,광선각화증,광선각화증,1,0.277844
PAT_967_1827_247.png,PAT_967,BCC,기저세포암,악성흑색종,0,0.636901
PAT_2088_4524_465.png,PAT_2088,NEV,멜라닌세포모반,멜라닌세포모반,1,0.059185
PAT_636_1204_521.png,PAT_636,BCC,기저세포암,편평세포암,0,0.937544
PAT_38_54_234.png,PAT_38,BCC,기저세포암,악성흑색종,0,0.977273
PAT_741_1401_619.png,PAT_741,BCC,기저세포암,악성흑색종,0,0.821362
PAT_380_1540_959.png,PAT_380,SCC,편평세포암,표피낭종,0,0.007091
PAT_1783_3414_120.png,PAT_1783,SEK,지루각화증,악성흑색종,0,0.988754
PAT_759_1538_566.png,PAT_759,BCC,기저세포암,표피낭종,0,0.001364
PAT_821_1547_77.png,PAT_821,BCC,기저세포암,표피낭종,0,0.146068
PAT_1693_3103_879.png,PAT_1693,ACK,광선각화증,악성흑색종,0,0.510114
PAT_875_1668_588.png,PAT_875,BCC,기저세포암,표피낭종,0,0.005597
PAT_1653_2916_346.png,PAT_1653,SEK,지루각화증,악성흑색종,0,0.581803
PAT_1790_3425_942.png,PAT_1790,SEK,지루각화증,악성흑색종,0,0.653144
PAT_106_159_325.png,PAT_106,BCC,기저세포암,표피낭종,0,0.000337
PAT_435_854_68.png,PAT_435,BCC,기저세포암,악성흑색종,0,0.564610
PAT_1902_3790_168.png,PAT_1902,SEK,지루각화증,악성흑색종,0,0.998876
PAT_42_58_13.png,PAT_42,BCC,기저세포암,광선각화증,0,0.195053
PAT_302_651_529.png,PAT_302,BCC,기저세포암,사마귀,0,0.338759
PAT_359_4450_86.png,PAT_359,ACK,광선각화증,악성흑색종,0,0.662006
PAT_107_160_609.png,PAT_107,SEK,지루각화증,편평세포암,0,0.759423
PAT_134_201_587.png,PAT_134,BCC,기저세포암,광선각화증,0,0.013862
PAT_1453_1567_250.png,PAT_1453,NEV,멜라닌세포모반,흑색점,0,0.079264
PAT_79_120_532.png,PAT_79,BCC,기저세포암,악성흑색종,0,0.428633
PAT_1926_3871_371.png,PAT_1926,SEK,지루각화증,악성흑색종,0,0.976298
PAT_724_1369_896.png,PAT_724,BCC,기저세포암,멜라닌세포모반,0,0.107602
PAT_1582_2574_34.png,PAT_1582,SEK,지루각화증,악성흑색종,0,0.995859
PAT_1006_53_716.png,PAT_1006,ACK,광선각화증,편평세포암,0,0.931012
PAT_1431_1495_511.png,PAT_1431,ACK,광선각화증,악성흑색종,0,0.943657
PAT_944_1795_371.png,PAT_944,BCC,기저세포암,피지샘증식증,0,0.075521
PAT_793_1512_327.png,PAT_793,NEV,멜라닌세포모반,멜라닌세포모반,1,0.188028
PAT_394_1562_579.png,PAT_394,BCC,기저세포암,광선각화증,0,0.025517
PAT_1842_3615_850.png,PAT_1842,NEV,멜라닌세포모반,멜라닌세포모반,1,0.111304
PAT_621_1183_56.png,PAT_621,NEV,멜라닌세포모반,멜라닌세포모반,1,0.038742
PAT_374_762_794.png,PAT_374,ACK,광선각화증,편평세포암,0,0.829834
PAT_265_406_276.png,PAT_265,BCC,기저세포암,악성흑색종,0,0.692664
PAT_1074_322_662.png,PAT_1074,ACK,광선각화증,악성흑색종,0,0.999816
PAT_289_1399_481.png,PAT_289,ACK,광선각화증,악성흑색종,0,0.848459
PAT_1803_3463_639.png,PAT_1803,NEV,멜라닌세포모반,멜라닌세포모반,1,0.027305
PAT_1029_135_239.png,PAT_1029,ACK,광선각화증,악성흑색종,0,0.967775
PAT_2020_4174_799.png,PAT_2020,ACK,광선각화증,악성흑색종,0,0.997867
PAT_682_1292_986.png,PAT_682,BCC,기저세포암,표피낭종,0,0.234230
PAT_805_1517_154.png,PAT_805,SCC,편평세포암,악성흑색종,0,0.817463
PAT_680_1289_182.png,PAT_680,MEL,악성흑색종,악성흑색종,1,0.999359
PAT_53_1370_245.png,PAT_53,BCC,기저세포암,표피낭종,0,0.027469
PAT_868_1657_698.png,PAT_868,ACK,광선각화증,광선각화증,1,0.165531
PAT_183_283_495.png,PAT_183,SCC,편평세포암,악성흑색종,0,0.959596
PAT_479_919_97.png,PAT_479,BCC,기저세포암,광선각화증,0,0.078051
PAT_333_1469_499.png,PAT_333,NEV,멜라닌세포모반,악성흑색종,0,0.942820
PAT_867_1650_901.png,PAT_867,BCC,기저세포암,피지샘증식증,0,0.036286
PAT_236_361_180.png,PAT_236,ACK,광선각화증,악성흑색종,0,0.448213
PAT_620_1176_980.png,PAT_620,BCC,기저세포암,표피낭종,0,0.000648
PAT_26_37_865.png,PAT_26,ACK,광선각화증,악성흑색종,0,0.909193
PAT_2051_4356_460.png,PAT_2051,ACK,광선각화증,사마귀,0,0.050966
PAT_1381_1314_517.png,PAT_1381,ACK,광선각화증,악성흑색종,0,0.935779
PAT_544_3299_671.png,PAT_544,SEK,지루각화증,악성흑색종,0,0.629722
PAT_2025_4229_541.png,PAT_2025,ACK,광선각화증,악성흑색종,0,0.266764
PAT_814_1532_545.png,PAT_814,BCC,기저세포암,표피낭종,0,0.000353
PAT_1014_86_861.png,PAT_1014,ACK,광선각화증,악성흑색종,0,0.492273
PAT_1984_4038_265.png,PAT_1984,NEV,멜라닌세포모반,멜라닌세포모반,1,0.149364
PAT_920_1747_19.png,PAT_920,BCC,기저세포암,표피낭종,0,0.039882
PAT_838_1585_282.png,PAT_838,BCC,기저세포암,멜라닌세포모반,0,0.311309
PAT_1255_876_939.png,PAT_1255,ACK,광선각화증,악성흑색종,0,0.319892
PAT_701_4056_457.png,PAT_701,SEK,지루각화증,악성흑색종,0,0.999539
PAT_411_815_692.png,PAT_411,SEK,지루각화증,악성흑색종,0,0.999912
PAT_795_1508_925.png,PAT_795,ACK,광선각화증,악성흑색종,0,0.995198
PAT_288_441_312.png,PAT_288,BCC,기저세포암,표피낭종,0,0.130369
PAT_692_1308_364.png,PAT_692,BCC,기저세포암,광선각화증,0,0.116152
PAT_1278_965_701.png,PAT_1278,ACK,광선각화증,악성흑색종,0,0.997554
PAT_1094_381_85.png,PAT_1094,ACK,광선각화증,멜라닌세포모반,0,0.197895
PAT_645_4043_374.png,PAT_645,ACK,광선각화증,광선각화증,1,0.010830
PAT_963_1820_823.png,PAT_963,ACK,광선각화증,표피낭종,0,0.003682
PAT_241_367_89.png,PAT_241,BCC,기저세포암,악성흑색종,0,0.532535
PAT_882_1677_789.png,PAT_882,SCC,편평세포암,악성흑색종,0,0.998830
PAT_1725_3222_943.png,PAT_1725,ACK,광선각화증,광선각화증,1,0.129262
PAT_98_152_562.png,PAT_98,BCC,기저세포암,피지샘증식증,0,0.110202
PAT_995_1867_5.png,PAT_995,MEL,악성흑색종,악성흑색종,1,0.999265
PAT_1884_3730_813.png,PAT_1884,ACK,광선각화증,악성흑색종,0,0.643823
PAT_369_755_391.png,PAT_369,SCC,편평세포암,악성흑색종,0,0.784948
PAT_1276_957_406.png,PAT_1276,NEV,멜라닌세포모반,멜라닌세포모반,1,0.038823
PAT_1070_305_907.png,PAT_1070,ACK,광선각화증,악성흑색종,0,0.911309
PAT_1688_3066_491.png,PAT_1688,ACK,광선각화증,광선각화증,1,0.023723
PAT_981_1848_906.png,PAT_981,BCC,기저세포암,표피낭종,0,0.044853
PAT_409_812_974.png,PAT_409,BCC,기저세포암,표피낭종,0,0.019873
PAT_276_425_539.png,PAT_276,ACK,광선각화증,악성흑색종,0,0.999919
PAT_430_848_476.png,PAT_430,BCC,기저세포암,편평세포암,0,0.928786
PAT_419_832_706.png,PAT_419,BCC,기저세포암,악성흑색종,0,0.876428
PAT_1423_1472_18.png,PAT_1423,ACK,광선각화증,악성흑색종,0,0.999922
PAT_55_84_506.png,PAT_55,BCC,기저세포암,피부섬유종,0,0.065223
PAT_1710_3160_488.png,PAT_1710,ACK,광선각화증,표피낭종,0,0.003076
PAT_1818_3568_132.png,PAT_1818,ACK,광선각화증,표피낭종,0,0.007229
PAT_1414_1429_59.png,PAT_1414,ACK,광선각화증,악성흑색종,0,0.999942
PAT_1573_2499_849.png,PAT_1573,ACK,광선각화증,사마귀,0,0.155365
PAT_377_1580_534.png,PAT_377,SCC,편평세포암,광선각화증,0,0.281865
PAT_802_1516_910.png,PAT_802,ACK,광선각화증,악성흑색종,0,0.976765
PAT_962_1823_942.png,PAT_962,BCC,기저세포암,사마귀,0,0.200827
PAT_1109_437_254.png,PAT_1109,NEV,멜라닌세포모반,멜라닌세포모반,1,0.256839
PAT_241_367_374.png,PAT_241,BCC,기저세포암,편평세포암,0,0.618730
PAT_1210_738_915.png,PAT_1210,ACK,광선각화증,표피낭종,0,0.050110
PAT_1492_1705_578.png,PAT_1492,ACK,광선각화증,악성흑색종,0,0.991947
PAT_492_937_958.png,PAT_492,SCC,편평세포암,편평세포암,1,0.819785
PAT_1400_1372_276.png,PAT_1400,SEK,지루각화증,악성흑색종,0,0.761880
PAT_966_1825_584.png,PAT_966,MEL,악성흑색종,악성흑색종,1,0.999261
PAT_181_833_109.png,PAT_181,ACK,광선각화증,악성흑색종,0,0.991315
PAT_263_404_410.png,PAT_263,ACK,광선각화증,악성흑색종,0,0.998892
PAT_549_1043_676.png,PAT_549,SCC,편평세포암,악성흑색종,0,0.954331
PAT_461_895_72.png,PAT_461,BCC,기저세포암,악성흑색종,0,0.862191
PAT_875_1669_946.png,PAT_875,BCC,기저세포암,악성흑색종,0,0.826547
PAT_1721_3219_737.png,PAT_1721,SEK,지루각화증,악성흑색종,0,0.999821
PAT_714_1337_709.png,PAT_714,SCC,편평세포암,악성흑색종,0,0.982898
PAT_426_842_458.png,PAT_426,BCC,기저세포암,악성흑색종,0,0.431580
PAT_847_1610_165.png,PAT_847,BCC,기저세포암,표피낭종,0,0.257446
PAT_281_1516_753.png,PAT_281,ACK,광선각화증,흑색점,0,0.037808
PAT_168_1486_97.png,PAT_168,BCC,기저세포암,피부섬유종,0,0.177585
PAT_441_861_415.png,PAT_441,BCC,기저세포암,악성흑색종,0,0.449705
PAT_958_1812_62.png,PAT_958,NEV,멜라닌세포모반,악성흑색종,0,0.952088
PAT_319_680_832.png,PAT_319,SCC,편평세포암,사마귀,0,0.114379
PAT_999_20_223.png,PAT_999,ACK,광선각화증,악성흑색종,0,0.867418
PAT_1305_4097_251.png,PAT_1305,SEK,지루각화증,멜라닌세포모반,0,0.356610
PAT_796_1510_130.png,PAT_796,BCC,기저세포암,편평세포암,0,0.888378
PAT_963_1819_298.png,PAT_963,SCC,편평세포암,사마귀,0,0.001319
PAT_1730_3236_7.png,PAT_1730,SEK,지루각화증,악성흑색종,0,0.959118
PAT_1546_1871_376.png,PAT_1546,ACK,광선각화증,악성흑색종,0,0.988338
PAT_2154_4783_625.png,PAT_2154,ACK,광선각화증,악성흑색종,0,0.398057
PAT_413_819_268.png,PAT_413,BCC,기저세포암,표피낭종,0,0.000451
PAT_1414_1432_969.png,PAT_1414,ACK,광선각화증,악성흑색종,0,0.998411
PAT_690_1309_981.png,PAT_690,BCC,기저세포암,피지샘증식증,0,0.067187
PAT_2127_4662_596.png,PAT_2127,NEV,멜라닌세포모반,악성흑색종,0,0.947066
PAT_1552_1895_190.png,PAT_1552,ACK,광선각화증,악성흑색종,0,0.987234
PAT_1754_3308_390.png,PAT_1754,NEV,멜라닌세포모반,흑색점,0,0.020852
PAT_118_180_386.png,PAT_118,BCC,기저세포암,악성흑색종,0,0.992631
PAT_850_1611_332.png,PAT_850,BCC,기저세포암,악성흑색종,0,0.897530
PAT_771_1488_562.png,PAT_771,SCC,편평세포암,표피낭종,0,0.010764
PAT_1410_1410_46.png,PAT_1410,ACK,광선각화증,편평세포암,0,0.930839
PAT_365_751_709.png,PAT_365,SCC,편평세포암,흑색점,0,0.042586
PAT_63_1075_498.png,PAT_63,BCC,기저세포암,표피낭종,0,0.133209
PAT_207_3951_140.png,PAT_207,ACK,광선각화증,악성흑색종,0,0.658879
PAT_483_925_716.png,PAT_483,BCC,기저세포암,표피낭종,0,0.205742
PAT_358_738_837.png,PAT_358,BCC,기저세포암,광선각화증,0,0.003448
PAT_875_1670_121.png,PAT_875,BCC,기저세포암,광선각화증,0,0.378421
PAT_645_1300_463.png,PAT_645,BCC,기저세포암,피지샘증식증,0,0.020428
PAT_514_967_300.png,PAT_514,BCC,기저세포암,흑색점,0,0.075706
PAT_1286_1000_517.png,PAT_1286,SEK,지루각화증,악성흑색종,0,0.626525
PAT_330_698_211.png,PAT_330,BCC,기저세포암,지루각화증,0,0.272433
PAT_1062_264_741.png,PAT_1062,ACK,광선각화증,광선각화증,1,0.280482
PAT_792_4351_858.png,PAT_792,ACK,광선각화증,피지샘증식증,0,0.216413
PAT_1728_3234_299.png,PAT_1728,ACK,광선각화증,악성흑색종,0,0.431319
PAT_722_1377_120.png,PAT_722,BCC,기저세포암,악성흑색종,0,0.999990
PAT_2076_4459_450.png,PAT_2076,ACK,광선각화증,악성흑색종,0,0.724653
PAT_280_431_466.png,PAT_280,BCC,기저세포암,피지샘증식증,0,0.005050
PAT_2008_4126_489.png,PAT_2008,ACK,광선각화증,악성흑색종,0,0.530081
PAT_1411_1414_355.png,PAT_1411,ACK,광선각화증,피지샘증식증,0,0.252551
PAT_655_926_447.png,PAT_655,ACK,광선각화증,악성흑색종,0,0.928199
PAT_1651_2914_833.png,PAT_1651,ACK,광선각화증,악성흑색종,0,0.389316
PAT_966_1825_546.png,PAT_966,MEL,악성흑색종,악성흑색종,1,0.999907
PAT_396_796_394.png,PAT_396,BCC,기저세포암,피지샘증식증,0,0.079331
PAT_1701_3135_5.png,PAT_1701,SEK,지루각화증,악성흑색종,0,0.986031
PAT_2042_4301_636.png,PAT_2042,NEV,멜라닌세포모반,표피낭종,0,0.013695
PAT_216_331_678.png,PAT_216,SCC,편평세포암,표피낭종,0,0.001882
PAT_747_1408_427.png,PAT_747,BCC,기저세포암,사마귀,0,0.264059
PAT_691_1311_686.png,PAT_691,BCC,기저세포암,악성흑색종,0,0.916790
PAT_34_47_108.png,PAT_34,BCC,기저세포암,악성흑색종,0,0.951796
PAT_1277_964_152.png,PAT_1277,ACK,광선각화증,악성흑색종,0,0.939356
PAT_361_1568_456.png,PAT_361,SCC,편평세포암,악성흑색종,0,1.000000
PAT_162_252_773.png,PAT_162,BCC,기저세포암,악성흑색종,0,0.981463
PAT_1794_3435_711.png,PAT_1794,ACK,광선각화증,광선각화증,1,0.199024
PAT_1702_3548_386.png,PAT_1702,NEV,멜라닌세포모반,피지샘증식증,0,0.028030
PAT_267_412_275.png,PAT_267,BCC,기저세포암,사마귀,0,0.014809
PAT_395_795_43.png,PAT_395,SCC,편평세포암,사마귀,0,0.384142
PAT_465_901_627.png,PAT_465,NEV,멜라닌세포모반,멜라닌세포모반,1,0.323927
PAT_306_1646_903.png,PAT_306,ACK,광선각화증,악성흑색종,0,0.892727
PAT_249_380_366.png,PAT_249,ACK,광선각화증,피지샘증식증,0,0.162059
PAT_985_1856_397.png,PAT_985,BCC,기저세포암,악성흑색종,0,0.978587
PAT_458_891_709.png,PAT_458,BCC,기저세포암,피지샘증식증,0,0.149546
PAT_747_1410_179.png,PAT_747,ACK,광선각화증,표피낭종,0,0.015725
PAT_1316_1114_517.png,PAT_1316,ACK,광선각화증,악성흑색종,0,0.859389
PAT_398_799_163.png,PAT_398,NEV,멜라닌세포모반,멜라닌세포모반,1,0.006582
PAT_953_1806_326.png,PAT_953,SCC,편평세포암,피지샘증식증,0,0.003729
PAT_466_903_893.png,PAT_466,BCC,기저세포암,사마귀,0,0.175237
PAT_1132_508_325.png,PAT_1132,ACK,광선각화증,악성흑색종,0,0.320516
PAT_300_648_84.png,PAT_300,ACK,광선각화증,피지샘증식증,0,0.026269
PAT_82_125_365.png,PAT_82,BCC,기저세포암,악성흑색종,0,0.998686
PAT_478_916_806.png,PAT_478,BCC,기저세포암,악성흑색종,0,0.579304
PAT_1089_375_677.png,PAT_1089,NEV,멜라닌세포모반,멜라닌세포모반,1,0.030018
PAT_76_1039_269.png,PAT_76,SCC,편평세포암,사마귀,0,0.342552
PAT_663_1254_732.png,PAT_663,SCC,편평세포암,피지샘증식증,0,0.019531
PAT_206_312_760.png,PAT_206,BCC,기저세포암,악성흑색종,0,0.856110
PAT_1566_2435_150.png,PAT_1566,ACK,광선각화증,악성흑색종,0,0.458828
PAT_1955_3947_778.png,PAT_1955,ACK,광선각화증,멜라닌세포모반,0,0.110906
PAT_1638_2878_536.png,PAT_1638,ACK,광선각화증,광선각화증,1,0.283074
PAT_1298_1051_831.png,PAT_1298,NEV,멜라닌세포모반,피지샘증식증,0,0.416237
PAT_167_258_711.png,PAT_167,BCC,기저세포암,광선각화증,0,0.057230
PAT_54_83_405.png,PAT_54,BCC,기저세포암,표피낭종,0,0.051731
PAT_997_14_40.png,PAT_997,ACK,광선각화증,악성흑색종,0,0.455822
PAT_373_761_708.png,PAT_373,BCC,기저세포암,광선각화증,0,0.351441
PAT_1509_1741_810.png,PAT_1509,SEK,지루각화증,악성흑색종,0,0.992786
PAT_228_348_535.png,PAT_228,BCC,기저세포암,멜라닌세포모반,0,0.199029
PAT_1871_3666_675.png,PAT_1871,SEK,지루각화증,멜라닌세포모반,0,0.012425
PAT_547_1033_911.png,PAT_547,BCC,기저세포암,표피낭종,0,0.154260
PAT_1582_2574_890.png,PAT_1582,SEK,지루각화증,악성흑색종,0,0.999985
PAT_56_86_479.png,PAT_56,SCC,편평세포암,편평세포암,1,0.792826
PAT_699_1320_901.png,PAT_699,BCC,기저세포암,표피낭종,0,0.097165
PAT_221_339_566.png,PAT_221,BCC,기저세포암,피지샘증식증,0,0.140682
PAT_803_1522_907.png,PAT_803,BCC,기저세포암,피지샘증식증,0,0.123888
PAT_256_295_583.png,PAT_256,SEK,지루각화증,악성흑색종,0,0.897345
PAT_115_175_206.png,PAT_115,BCC,기저세포암,광선각화증,0,0.546416
PAT_759_1433_973.png,PAT_759,NEV,멜라닌세포모반,피지샘증식증,0,0.002025
PAT_782_1493_140.png,PAT_782,ACK,광선각화증,광선각화증,1,0.106185
PAT_1942_3915_388.png,PAT_1942,SEK,지루각화증,악성흑색종,0,0.998700
PAT_1125_492_523.png,PAT_1125,ACK,광선각화증,악성흑색종,0,0.762368
PAT_256_394_449.png,PAT_256,BCC,기저세포암,표피낭종,0,0.248160
PAT_385_783_574.png,PAT_385,BCC,기저세포암,표피낭종,0,0.033365
PAT_721_1365_142.png,PAT_721,BCC,기저세포암,피지샘증식증,0,0.105265
PAT_940_1774_962.png,PAT_940,SCC,편평세포암,악성흑색종,0,0.904947
PAT_316_674_924.png,PAT_316,BCC,기저세포암,악성흑색종,0,0.971747
PAT_243_372_119.png,PAT_243,BCC,기저세포암,피지샘증식증,0,0.026237
PAT_1094_381_446.png,PAT_1094,ACK,광선각화증,멜라닌세포모반,0,0.190688
PAT_412_818_61.png,PAT_412,ACK,광선각화증,표피낭종,0,0.090564
PAT_359_740_46.png,PAT_359,BCC,기저세포암,악성흑색종,0,0.818537
PAT_842_1606_720.png,PAT_842,BCC,기저세포암,표피낭종,0,0.201490
PAT_1082_342_705.png,PAT_1082,ACK,광선각화증,악성흑색종,0,0.986346
PAT_1821_3575_920.png,PAT_1821,ACK,광선각화증,사마귀,0,0.012422
PAT_526_991_109.png,PAT_526,BCC,기저세포암,악성흑색종,0,0.997365
PAT_1460_1598_959.png,PAT_1460,SEK,지루각화증,악성흑색종,0,0.913198
PAT_15_1001_749.png,PAT_15,BCC,기저세포암,악성흑색종,0,0.498113
PAT_1547_1874_432.png,PAT_1547,ACK,광선각화증,표피낭종,0,0.156002
PAT_880_1673_410.png,PAT_880,ACK,광선각화증,사마귀,0,0.012135
PAT_730_1383_535.png,PAT_730,BCC,기저세포암,피지샘증식증,0,0.009999
PAT_948_1801_993.png,PAT_948,BCC,기저세포암,악성흑색종,0,0.998771
PAT_962_1823_857.png,PAT_962,BCC,기저세포암,피지샘증식증,0,0.016992
PAT_21_982_266.png,PAT_21,BCC,기저세포암,악성흑색종,0,0.850062
PAT_839_1591_204.png,PAT_839,NEV,멜라닌세포모반,표피낭종,0,0.294258
PAT_257_395_866.png,PAT_257,BCC,기저세포암,피지샘증식증,0,0.188338
PAT_1217_762_198.png,PAT_1217,NEV,멜라닌세포모반,멜라닌세포모반,1,0.012641
PAT_397_798_482.png,PAT_397,SCC,편평세포암,악성흑색종,0,0.882175
PAT_1481_1674_735.png,PAT_1481,ACK,광선각화증,악성흑색종,0,0.663194
PAT_665_1262_774.png,PAT_665,NEV,멜라닌세포모반,악성흑색종,0,0.984317
PAT_976_1837_861.png,PAT_976,BCC,기저세포암,악성흑색종,0,0.999998
PAT_827_1600_1000.png,PAT_827,BCC,기저세포암,악성흑색종,0,0.446314
PAT_1764_3335_366.png,PAT_1764,SEK,지루각화증,악성흑색종,0,0.912858
PAT_645_1223_124.png,PAT_645,BCC,기저세포암,악성흑색종,0,0.977175
PAT_185_285_862.png,PAT_185,BCC,기저세포암,사마귀,0,0.005789
PAT_1333_1177_261.png,PAT_1333,NEV,멜라닌세포모반,멜라닌세포모반,1,0.282439
PAT_1461_1600_867.png,PAT_1461,SEK,지루각화증,악성흑색종,0,0.976656
PAT_1658_2933_322.png,PAT_1658,NEV,멜라닌세포모반,흑색점,0,0.047643
PAT_1013_82_876.png,PAT_1013,ACK,광선각화증,악성흑색종,0,0.454367
PAT_2066_4417_201.png,PAT_2066,SEK,지루각화증,악성흑색종,0,0.993737
PAT_1027_128_854.png,PAT_1027,ACK,광선각화증,악성흑색종,0,0.501780
PAT_1307_1092_878.png,PAT_1307,ACK,광선각화증,악성흑색종,0,0.293345
PAT_1593_2651_122.png,PAT_1593,ACK,광선각화증,악성흑색종,0,0.898169
PAT_375_763_732.png,PAT_375,BCC,기저세포암,악성흑색종,0,0.966474
PAT_302_1633_845.png,PAT_302,ACK,광선각화증,표피낭종,0,0.047594
PAT_495_941_26.png,PAT_495,MEL,악성흑색종,악성흑색종,1,0.999999
PAT_535_1012_145.png,PAT_535,BCC,기저세포암,광선각화증,0,0.058142
PAT_1583_2607_628.png,PAT_1583,SEK,지루각화증,악성흑색종,0,0.856772
PAT_121_184_502.png,PAT_121,BCC,기저세포암,흑색점,0,0.267785
PAT_614_1166_885.png,PAT_614,MEL,악성흑색종,악성흑색종,1,0.999995
PAT_524_987_738.png,PAT_524,BCC,기저세포암,표피낭종,0,0.121414
PAT_381_775_566.png,PAT_381,BCC,기저세포암,악성흑색종,0,0.991174
PAT_1774_3352_474.png,PAT_1774,ACK,광선각화증,피지샘증식증,0,0.007217
PAT_375_763_980.png,PAT_375,BCC,기저세포암,광선각화증,0,0.409161
PAT_79_120_739.png,PAT_79,BCC,기저세포암,광선각화증,0,0.046901
PAT_587_3431_6.png,PAT_587,ACK,광선각화증,악성흑색종,0,0.975711
PAT_666_1268_870.png,PAT_666,BCC,기저세포암,표피낭종,0,0.085476
PAT_691_3994_671.png,PAT_691,ACK,광선각화증,악성흑색종,0,0.671564
PAT_364_749_377.png,PAT_364,BCC,기저세포암,편평세포암,0,0.866813
PAT_576_1089_435.png,PAT_576,BCC,기저세포암,악성흑색종,0,0.612235
PAT_952_1807_58.png,PAT_952,BCC,기저세포암,광선각화증,0,0.104578
PAT_1128_497_322.png,PAT_1128,ACK,광선각화증,표피낭종,0,0.255727
PAT_485_928_796.png,PAT_485,BCC,기저세포암,흑색점,0,0.217091
PAT_39_55_233.png,PAT_39,BCC,기저세포암,악성흑색종,0,0.999413
PAT_340_714_68.png,PAT_340,MEL,악성흑색종,악성흑색종,1,0.999885
PAT_1981_4023_673.png,PAT_1981,ACK,광선각화증,악성흑색종,0,0.999934
PAT_315_673_227.png,PAT_315,BCC,기저세포암,사마귀,0,0.004549
PAT_1071_313_789.png,PAT_1071,ACK,광선각화증,광선각화증,1,0.127708
PAT_59_94_849.png,PAT_59,ACK,광선각화증,광선각화증,1,0.065499
PAT_338_710_319.png,PAT_338,SCC,편평세포암,사마귀,0,0.008538
PAT_1324_1145_309.png,PAT_1324,ACK,광선각화증,흑색점,0,0.017035
PAT_1914_3822_863.png,PAT_1914,SEK,지루각화증,피지샘증식증,0,0.145182
PAT_672_1272_705.png,PAT_672,NEV,멜라닌세포모반,기저세포암,0,0.997282
PAT_2122_4642_680.png,PAT_2122,ACK,광선각화증,악성흑색종,0,0.997765
PAT_886_1684_297.png,PAT_886,ACK,광선각화증,악성흑색종,0,0.923633
PAT_93_361_203.png,PAT_93,SEK,지루각화증,악성흑색종,0,0.996005
PAT_270_1386_755.png,PAT_270,ACK,광선각화증,표피낭종,0,0.051412
PAT_908_1726_939.png,PAT_908,SCC,편평세포암,멜라닌세포모반,0,0.132199
PAT_666_1271_645.png,PAT_666,BCC,기저세포암,피지샘증식증,0,0.044886
PAT_115_1138_870.png,PAT_115,MEL,악성흑색종,악성흑색종,1,0.997482
PAT_585_1130_474.png,PAT_585,ACK,광선각화증,멜라닌세포모반,0,0.012172
PAT_464_1794_78.png,PAT_464,BCC,기저세포암,악성흑색종,0,0.993456
PAT_380_773_542.png,PAT_380,BCC,기저세포암,광선각화증,0,0.040986
PAT_587_1117_880.png,PAT_587,BCC,기저세포암,표피낭종,0,0.010319
PAT_1665_2978_578.png,PAT_1665,ACK,광선각화증,피지샘증식증,0,0.145621
PAT_500_947_77.png,PAT_500,SCC,편평세포암,악성흑색종,0,0.515231
PAT_2011_4140_988.png,PAT_2011,ACK,광선각화증,악성흑색종,0,0.958464
PAT_600_1141_542.png,PAT_600,SCC,편평세포암,편평세포암,1,0.566315
PAT_1661_2956_357.png,PAT_1661,ACK,광선각화증,악성흑색종,0,0.262916
PAT_1428_1489_38.png,PAT_1428,ACK,광선각화증,악성흑색종,0,0.372005
PAT_1682_3050_600.png,PAT_1682,SEK,지루각화증,흑색점,0,0.233888
PAT_832_1569_413.png,PAT_832,BCC,기저세포암,표피낭종,0,0.029515
PAT_131_197_974.png,PAT_131,SCC,편평세포암,편평세포암,1,0.901589
PAT_270_1382_561.png,PAT_270,SEK,지루각화증,악성흑색종,0,0.999492
PAT_170_264_785.png,PAT_170,BCC,기저세포암,악성흑색종,0,0.501559
PAT_1364_1246_420.png,PAT_1364,NEV,멜라닌세포모반,멜라닌세포모반,1,0.185009
PAT_192_295_164.png,PAT_192,BCC,기저세포암,악성흑색종,0,0.604055
PAT_93_142_269.png,PAT_93,SCC,편평세포암,악성흑색종,0,0.987695
PAT_831_1570_991.png,PAT_831,ACK,광선각화증,사마귀,0,0.028051
PAT_840_1595_981.png,PAT_840,BCC,기저세포암,사마귀,0,0.170651
PAT_792_1498_936.png,PAT_792,ACK,광선각화증,악성흑색종,0,0.379253
PAT_2155_4784_483.png,PAT_2155,SEK,지루각화증,멜라닌세포모반,0,0.098146
PAT_291_446_704.png,PAT_291,BCC,기저세포암,광선각화증,0,0.005270
PAT_1392_1353_161.png,PAT_1392,ACK,광선각화증,악성흑색종,0,0.833901
PAT_551_1047_567.png,PAT_551,BCC,기저세포암,표피낭종,0,0.214411
PAT_939_1791_329.png,PAT_939,SEK,지루각화증,악성흑색종,0,0.973072
PAT_1057_242_297.png,PAT_1057,ACK,광선각화증,표피낭종,0,0.042052
PAT_1760_3326_525.png,PAT_1760,ACK,광선각화증,광선각화증,1,0.249213
PAT_346_720_265.png,PAT_346,BCC,기저세포암,피지샘증식증,0,0.184653
PAT_259_399_801.png,PAT_259,SCC,편평세포암,흑색점,0,0.248318
PAT_838_1587_73.png,PAT_838,BCC,기저세포암,악성흑색종,0,0.267671
PAT_738_1397_966.png,PAT_738,BCC,기저세포암,표피낭종,0,0.081762
PAT_728_1533_952.png,PAT_728,ACK,광선각화증,흑색점,0,0.219538
PAT_372_760_267.png,PAT_372,BCC,기저세포암,편평세포암,0,0.995596
PAT_1922_3848_451.png,PAT_1922,SEK,지루각화증,악성흑색종,0,0.627303
PAT_286_1458_381.png,PAT_286,ACK,광선각화증,악성흑색종,0,0.622051
PAT_161_250_338.png,PAT_161,BCC,기저세포암,사마귀,0,0.402335
PAT_349_724_750.png,PAT_349,SCC,편평세포암,표피낭종,0,0.034451
PAT_522_986_305.png,PAT_522,BCC,기저세포암,피지샘증식증,0,0.017107
PAT_793_1512_513.png,PAT_793,NEV,멜라닌세포모반,악성흑색종,0,0.964134
PAT_462_896_893.png,PAT_462,BCC,기저세포암,편평세포암,0,0.981408
PAT_895_1699_872.png,PAT_895,MEL,악성흑색종,악성흑색종,1,0.992778
PAT_545_1030_854.png,PAT_545,BCC,기저세포암,혈관종,0,0.044408
PAT_145_216_158.png,PAT_145,BCC,기저세포암,악성흑색종,0,0.996325
PAT_214_329_70.png,PAT_214,BCC,기저세포암,표피낭종,0,0.230650
PAT_1124_489_151.png,PAT_1124,ACK,광선각화증,악성흑색종,0,0.449775
PAT_513_964_343.png,PAT_513,BCC,기저세포암,표피낭종,0,0.085651
PAT_439_859_283.png,PAT_439,NEV,멜라닌세포모반,흑색점,0,0.044898
PAT_108_162_660.png,PAT_108,ACK,광선각화증,피지샘증식증,0,0.036868
PAT_1031_148_29.png,PAT_1031,ACK,광선각화증,멜라닌세포모반,0,0.270500
PAT_1826_3580_871.png,PAT_1826,SEK,지루각화증,악성흑색종,0,0.882356
PAT_354_1817_500.png,PAT_354,SEK,지루각화증,악성흑색종,0,0.986046
PAT_1619_2774_616.png,PAT_1619,SEK,지루각화증,멜라닌세포모반,0,0.152510
PAT_1993_4076_174.png,PAT_1993,ACK,광선각화증,광선각화증,1,0.074438
PAT_1729_3235_909.png,PAT_1729,ACK,광선각화증,악성흑색종,0,0.516266
PAT_1145_534_524.png,PAT_1145,ACK,광선각화증,비립종,0,0.169083
PAT_510_959_174.png,PAT_510,BCC,기저세포암,표피낭종,0,0.225988
PAT_974_1841_693.png,PAT_974,BCC,기저세포암,악성흑색종,0,0.945264
PAT_580_1104_684.png,PAT_580,BCC,기저세포암,멜라닌세포모반,0,0.354769
PAT_207_313_709.png,PAT_207,BCC,기저세포암,악성흑색종,0,0.989987
PAT_1945_3923_428.png,PAT_1945,NEV,멜라닌세포모반,악성흑색종,0,0.884222
PAT_1875_3689_646.png,PAT_1875,ACK,광선각화증,피지샘증식증,0,0.005394
PAT_935_1781_341.png,PAT_935,BCC,기저세포암,표피낭종,0,0.182161
PAT_493_3016_512.png,PAT_493,ACK,광선각화증,악성흑색종,0,0.952882
PAT_177_275_905.png,PAT_177,BCC,기저세포암,악성흑색종,0,0.568603
PAT_2157_4789_969.png,PAT_2157,ACK,광선각화증,광선각화증,1,0.142587
PAT_631_1227_585.png,PAT_631,BCC,기저세포암,악성흑색종,0,0.425119
PAT_1393_1355_270.png,PAT_1393,ACK,광선각화증,광선각화증,1,0.393569
PAT_2010_4136_318.png,PAT_2010,ACK,광선각화증,표피낭종,0,0.255566
PAT_806_1520_708.png,PAT_806,BCC,기저세포암,비립종,0,0.072012
PAT_923_1753_706.png,PAT_923,BCC,기저세포암,악성흑색종,0,0.997883
PAT_497_943_580.png,PAT_497,SCC,편평세포암,편평세포암,1,0.950186
PAT_1334_1178_413.png,PAT_1334,NEV,멜라닌세포모반,멜라닌세포모반,1,0.095988
PAT_521_984_412.png,PAT_521,BCC,기저세포암,흑색점,0,0.138061
PAT_2125_4653_497.png,PAT_2125,NEV,멜라닌세포모반,악성흑색종,0,0.973440
PAT_771_1491_390.png,PAT_771,BCC,기저세포암,피지샘증식증,0,0.118216
PAT_1256_879_199.png,PAT_1256,NEV,멜라닌세포모반,악성흑색종,0,0.362125
PAT_2009_4134_828.png,PAT_2009,ACK,광선각화증,악성흑색종,0,0.336681
PAT_679_1286_677.png,PAT_679,SCC,편평세포암,악성흑색종,0,0.951812
PAT_1976_4000_701.png,PAT_1976,ACK,광선각화증,악성흑색종,0,0.296223
PAT_879_1676_668.png,PAT_879,BCC,기저세포암,악성흑색종,0,0.989869
PAT_561_1069_418.png,PAT_561,SCC,편평세포암,악성흑색종,0,0.429691
PAT_757_1431_696.png,PAT_757,ACK,광선각화증,악성흑색종,0,0.676535
PAT_731_1387_634.png,PAT_731,ACK,광선각화증,표피낭종,0,0.342187
PAT_372_760_355.png,PAT_372,BCC,기저세포암,악성흑색종,0,0.994081
PAT_770_1451_136.png,PAT_770,SCC,편평세포암,악성흑색종,0,0.999893
PAT_74_112_729.png,PAT_74,BCC,기저세포암,악성흑색종,0,0.993175
PAT_1472_1639_87.png,PAT_1472,ACK,광선각화증,악성흑색종,0,0.981816
PAT_354_731_155.png,PAT_354,BCC,기저세포암,표피낭종,0,0.025978
PAT_1257_887_828.png,PAT_1257,NEV,멜라닌세포모반,흑색점,0,0.077555
PAT_2048_4333_63.png,PAT_2048,SEK,지루각화증,광선각화증,0,0.143635
PAT_1304_3507_308.png,PAT_1304,NEV,멜라닌세포모반,멜라닌세포모반,1,0.120951
PAT_425_841_644.png,PAT_425,NEV,멜라닌세포모반,표피낭종,0,0.012688
PAT_330_1438_323.png,PAT_330,BCC,기저세포암,표피낭종,0,0.020666
PAT_264_405_118.png,PAT_264,BCC,기저세포암,표피낭종,0,0.003540
PAT_1881_3711_217.png,PAT_1881,ACK,광선각화증,광선각화증,1,0.146223
PAT_1818_3570_577.png,PAT_1818,ACK,광선각화증,악성흑색종,0,0.583664
PAT_128_194_144.png,PAT_128,BCC,기저세포암,편평세포암,0,0.758170
PAT_666_1269_65.png,PAT_666,BCC,기저세포암,광선각화증,0,0.002276
PAT_1554_4170_992.png,PAT_1554,SEK,지루각화증,악성흑색종,0,0.611228
PAT_307_659_85.png,PAT_307,SCC,편평세포암,사마귀,0,0.094242
PAT_1139_523_682.png,PAT_1139,ACK,광선각화증,표피낭종,0,0.325761
PAT_106_158_249.png,PAT_106,BCC,기저세포암,표피낭종,0,0.095078
PAT_1063_269_755.png,PAT_1063,ACK,광선각화증,멜라닌세포모반,0,0.362684
PAT_817_1537_643.png,PAT_817,BCC,기저세포암,악성흑색종,0,0.457285
PAT_255_388_77.png,PAT_255,BCC,기저세포암,악성흑색종,0,0.999967
PAT_390_790_505.png,PAT_390,SCC,편평세포암,피지샘증식증,0,0.027798
PAT_1068_285_845.png,PAT_1068,SEK,지루각화증,악성흑색종,0,0.690728
PAT_1947_3926_165.png,PAT_1947,NEV,멜라닌세포모반,악성흑색종,0,0.606772
PAT_92_141_551.png,PAT_92,ACK,광선각화증,악성흑색종,0,0.975728
PAT_1733_3239_934.png,PAT_1733,NEV,멜라닌세포모반,멜라닌세포모반,1,0.026539
PAT_531_1004_189.png,PAT_531,BCC,기저세포암,광선각화증,0,0.003914
PAT_1364_1246_927.png,PAT_1364,NEV,멜라닌세포모반,멜라닌세포모반,1,0.018953
PAT_981_1848_486.png,PAT_981,BCC,기저세포암,표피낭종,0,0.330970
PAT_1402_1377_959.png,PAT_1402,ACK,광선각화증,악성흑색종,0,0.850543
PAT_233_354_935.png,PAT_233,MEL,악성흑색종,멜라닌세포모반,0,0.025323
PAT_1042_187_746.png,PAT_1042,ACK,광선각화증,악성흑색종,0,0.913244
PAT_1813_3562_195.png,PAT_1813,SEK,지루각화증,악성흑색종,0,0.608194
PAT_1141_526_416.png,PAT_1141,ACK,광선각화증,광선각화증,1,0.189736
PAT_689_1306_772.png,PAT_689,SCC,편평세포암,악성흑색종,0,0.925679
PAT_1769_3342_63.png,PAT_1769,ACK,광선각화증,악성흑색종,0,0.913983
PAT_853_1642_497.png,PAT_853,BCC,기저세포암,악성흑색종,0,0.719601
PAT_108_161_423.png,PAT_108,SCC,편평세포암,악성흑색종,0,0.973544
PAT_1956_3949_217.png,PAT_1956,SEK,지루각화증,악성흑색종,0,0.925350
PAT_1476_1657_788.png,PAT_1476,ACK,광선각화증,악성흑색종,0,0.672825
PAT_1109_436_141.png,PAT_1109,NEV,멜라닌세포모반,멜라닌세포모반,1,0.034985
PAT_211_319_777.png,PAT_211,BCC,기저세포암,표피낭종,0,0.230922
PAT_1393_1356_371.png,PAT_1393,SEK,지루각화증,악성흑색종,0,0.938929
PAT_319_679_533.png,PAT_319,BCC,기저세포암,광선각화증,0,0.052306
PAT_766_1444_52.png,PAT_766,BCC,기저세포암,표피낭종,0,0.004066
PAT_408_811_808.png,PAT_408,ACK,광선각화증,악성흑색종,0,0.872659
PAT_1639_2879_744.png,PAT_1639,NEV,멜라닌세포모반,멜라닌세포모반,1,0.002949
PAT_645_1222_140.png,PAT_645,BCC,기저세포암,악성흑색종,0,0.997146
PAT_179_278_331.png,PAT_179,BCC,기저세포암,악성흑색종,0,0.975456
PAT_726_1371_543.png,PAT_726,BCC,기저세포암,악성흑색종,0,0.587174
PAT_82_125_525.png,PAT_82,BCC,기저세포암,악성흑색종,0,0.999987
PAT_975_4734_783.png,PAT_975,NEV,멜라닌세포모반,악성흑색종,0,0.923621
PAT_109_868_723.png,PAT_109,MEL,악성흑색종,악성흑색종,1,0.991334
PAT_286_1459_926.png,PAT_286,NEV,멜라닌세포모반,악성흑색종,0,0.654513
PAT_851_4519_488.png,PAT_851,ACK,광선각화증,표피낭종,0,0.243092
PAT_1243_836_47.png,PAT_1243,ACK,광선각화증,광선각화증,1,0.028062
PAT_1329_1168_620.png,PAT_1329,SEK,지루각화증,멜라닌세포모반,0,0.305114
PAT_115_176_455.png,PAT_115,BCC,기저세포암,광선각화증,0,0.120492
PAT_1439_1521_868.png,PAT_1439,ACK,광선각화증,피지샘증식증,0,0.239018
PAT_2043_4308_681.png,PAT_2043,ACK,광선각화증,사마귀,0,0.368687
PAT_827_1599_248.png,PAT_827,BCC,기저세포암,악성흑색종,0,0.862603
PAT_1181_659_231.png,PAT_1181,ACK,광선각화증,악성흑색종,0,0.945077
PAT_1326_1156_139.png,PAT_1326,NEV,멜라닌세포모반,멜라닌세포모반,1,0.021902
PAT_1074_322_174.png,PAT_1074,ACK,광선각화증,악성흑색종,0,0.902093
PAT_503_949_409.png,PAT_503,SCC,편평세포암,피지샘증식증,0,0.004737
PAT_691_1310_780.png,PAT_691,BCC,기저세포암,사마귀,0,0.244390
PAT_514_967_908.png,PAT_514,BCC,기저세포암,광선각화증,0,0.268879
PAT_217_333_61.png,PAT_217,BCC,기저세포암,악성흑색종,0,0.460440
PAT_467_904_235.png,PAT_467,BCC,기저세포암,피지샘증식증,0,0.072751
PAT_101_1041_651.png,PAT_101,BCC,기저세포암,악성흑색종,0,0.999247
PAT_1347_1226_928.png,PAT_1347,ACK,광선각화증,광선각화증,1,0.192872
PAT_2050_4350_36.png,PAT_2050,ACK,광선각화증,악성흑색종,0,0.533043
PAT_73_111_435.png,PAT_73,BCC,기저세포암,표피낭종,0,0.003711
PAT_858_1633_926.png,PAT_858,BCC,기저세포암,표피낭종,0,0.003439
PAT_652_1231_516.png,PAT_652,BCC,기저세포암,악성흑색종,0,0.585929
PAT_115_175_283.png,PAT_115,BCC,기저세포암,악성흑색종,0,0.680487
PAT_1330_1172_722.png,PAT_1330,NEV,멜라닌세포모반,피지샘증식증,0,0.050647
PAT_2061_4395_587.png,PAT_2061,ACK,광선각화증,악성흑색종,0,0.873202
PAT_1374_1286_939.png,PAT_1374,ACK,광선각화증,악성흑색종,0,0.800002
PAT_930_1760_560.png,PAT_930,BCC,기저세포암,악성흑색종,0,0.997455
PAT_2071_4433_848.png,PAT_2071,ACK,광선각화증,악성흑색종,0,0.944520
PAT_673_3928_888.png,PAT_673,ACK,광선각화증,악성흑색종,0,0.751561
PAT_597_1139_181.png,PAT_597,BCC,기저세포암,악성흑색종,0,0.999934
PAT_999_20_540.png,PAT_999,ACK,광선각화증,멜라닌세포모반,0,0.178762
PAT_1762_3332_245.png,PAT_1762,ACK,광선각화증,광선각화증,1,0.062633
PAT_235_360_50.png,PAT_235,BCC,기저세포암,악성흑색종,0,0.636245
PAT_1070_304_845.png,PAT_1070,ACK,광선각화증,악성흑색종,0,0.873931
PAT_490_933_352.png,PAT_490,SCC,편평세포암,표피낭종,0,0.167716
PAT_304_4186_458.png,PAT_304,ACK,광선각화증,악성흑색종,0,0.407612
PAT_655_1245_807.png,PAT_655,SCC,편평세포암,악성흑색종,0,0.606554
PAT_1652_2915_65.png,PAT_1652,SEK,지루각화증,멜라닌세포모반,0,0.011109
PAT_1397_1361_183.png,PAT_1397,SEK,지루각화증,악성흑색종,0,0.995132
PAT_2143_4736_227.png,PAT_2143,ACK,광선각화증,표피낭종,0,0.111574
PAT_1526_1792_482.png,PAT_1526,ACK,광선각화증,표피낭종,0,0.007630
PAT_38_1002_34.png,PAT_38,BCC,기저세포암,악성흑색종,0,0.999392
PAT_677_1349_541.png,PAT_677,SCC,편평세포암,악성흑색종,0,0.968214
PAT_191_294_629.png,PAT_191,BCC,기저세포암,악성흑색종,0,0.999995
PAT_171_265_757.png,PAT_171,BCC,기저세포암,광선각화증,0,0.096319
PAT_801_1518_78.png,PAT_801,MEL,악성흑색종,악성흑색종,1,0.611945
PAT_333_1468_620.png,PAT_333,NEV,멜라닌세포모반,멜라닌세포모반,1,0.170918
PAT_1145_534_529.png,PAT_1145,ACK,광선각화증,악성흑색종,0,0.649444
PAT_354_1814_726.png,PAT_354,SEK,지루각화증,악성흑색종,0,0.975104
PAT_1588_2629_296.png,PAT_1588,NEV,멜라닌세포모반,멜라닌세포모반,1,0.021091
PAT_224_1340_551.png,PAT_224,ACK,광선각화증,악성흑색종,0,0.968634
PAT_1550_1886_849.png,PAT_1550,ACK,광선각화증,악성흑색종,0,0.994479
PAT_397_797_742.png,PAT_397,SCC,편평세포암,악성흑색종,0,0.983887
PAT_289_442_43.png,PAT_289,ACK,광선각화증,악성흑색종,0,0.999961
PAT_1035_165_800.png,PAT_1035,ACK,광선각화증,흑색점,0,0.162543
PAT_87_133_391.png,PAT_87,SEK,지루각화증,악성흑색종,0,0.983111
PAT_46_879_225.png,PAT_46,BCC,기저세포암,표피낭종,0,0.045920
PAT_654_1244_16.png,PAT_654,BCC,기저세포암,악성흑색종,0,0.999536
PAT_996_6_886.png,PAT_996,ACK,광선각화증,멜라닌세포모반,0,0.314146
PAT_1036_169_687.png,PAT_1036,ACK,광선각화증,흑색점,0,0.200720
PAT_1350_1230_878.png,PAT_1350,NEV,멜라닌세포모반,악성흑색종,0,0.539988
PAT_63_98_187.png,PAT_63,BCC,기저세포암,피지샘증식증,0,0.013913
PAT_90_219_648.png,PAT_90,SEK,지루각화증,악성흑색종,0,0.404261
PAT_1122_479_664.png,PAT_1122,SEK,지루각화증,악성흑색종,0,0.856917
PAT_378_770_302.png,PAT_378,BCC,기저세포암,광선각화증,0,0.003811
PAT_1648_2904_523.png,PAT_1648,NEV,멜라닌세포모반,멜라닌세포모반,1,0.000398
PAT_194_298_945.png,PAT_194,SEK,지루각화증,멜라닌세포모반,0,0.359282
PAT_1265_908_754.png,PAT_1265,ACK,광선각화증,악성흑색종,0,0.314243
PAT_108_162_526.png,PAT_108,ACK,광선각화증,사마귀,0,0.068332
PAT_381_775_253.png,PAT_381,BCC,기저세포암,사마귀,0,0.080045
PAT_1197_713_520.png,PAT_1197,NEV,멜라닌세포모반,흑색점,0,0.111444
PAT_2016_4160_868.png,PAT_2016,SEK,지루각화증,악성흑색종,0,0.687892
PAT_467_904_776.png,PAT_467,BCC,기저세포암,악성흑색종,0,0.875800
PAT_723_1396_338.png,PAT_723,BCC,기저세포암,악성흑색종,0,0.759207
PAT_1866_3660_115.png,PAT_1866,ACK,광선각화증,악성흑색종,0,0.604980
PAT_753_1427_658.png,PAT_753,ACK,광선각화증,악성흑색종,0,0.637298
PAT_1719_3203_18.png,PAT_1719,SEK,지루각화증,피지샘증식증,0,0.064617
PAT_279_429_142.png,PAT_279,BCC,기저세포암,악성흑색종,0,0.470886
PAT_1329_1167_230.png,PAT_1329,SEK,지루각화증,멜라닌세포모반,0,0.329443
PAT_539_1023_878.png,PAT_539,ACK,광선각화증,사마귀,0,0.003340
PAT_1903_3791_14.png,PAT_1903,NEV,멜라닌세포모반,멜라닌세포모반,1,0.023253
PAT_1215_752_707.png,PAT_1215,NEV,멜라닌세포모반,멜라닌세포모반,1,0.076290
PAT_270_416_398.png,PAT_270,BCC,기저세포암,표피낭종,0,0.069741
PAT_179_277_436.png,PAT_179,BCC,기저세포암,표피낭종,0,0.044587
PAT_974_1842_574.png,PAT_974,SCC,편평세포암,악성흑색종,0,0.999104
PAT_35_48_43.png,PAT_35,BCC,기저세포암,악성흑색종,0,0.715116
PAT_527_1359_165.png,PAT_527,SCC,편평세포암,악성흑색종,0,0.806503
PAT_319_680_166.png,PAT_319,SCC,편평세포암,사마귀,0,0.075403
PAT_1112_455_845.png,PAT_1112,ACK,광선각화증,악성흑색종,0,0.326291
PAT_1715_3186_948.png,PAT_1715,ACK,광선각화증,악성흑색종,0,0.430594
PAT_1369_1269_370.png,PAT_1369,ACK,광선각화증,표피낭종,0,0.346909
PAT_301_649_533.png,PAT_301,BCC,기저세포암,편평세포암,0,0.696812
PAT_247_1293_449.png,PAT_247,BCC,기저세포암,악성흑색종,0,0.978531
PAT_645_1224_768.png,PAT_645,BCC,기저세포암,악성흑색종,0,0.997934
PAT_995_1867_165.png,PAT_995,MEL,악성흑색종,악성흑색종,1,0.975737
PAT_416_826_123.png,PAT_416,BCC,기저세포암,표피낭종,0,0.046539
PAT_1014_85_22.png,PAT_1014,ACK,광선각화증,악성흑색종,0,0.625445
PAT_872_1707_638.png,PAT_872,BCC,기저세포암,악성흑색종,0,0.997427
PAT_919_1744_318.png,PAT_919,BCC,기저세포암,악성흑색종,0,0.892491
PAT_858_1631_427.png,PAT_858,BCC,기저세포암,악성흑색종,0,0.686236
PAT_1971_3984_534.png,PAT_1971,SEK,지루각화증,악성흑색종,0,0.439685
PAT_822_1550_826.png,PAT_822,BCC,기저세포암,표피낭종,0,0.000137
PAT_38_1003_68.png,PAT_38,ACK,광선각화증,악성흑색종,0,0.999392
PAT_20_30_44.png,PAT_20,SCC,편평세포암,악성흑색종,0,0.999934
PAT_48_74_402.png,PAT_48,SCC,편평세포암,사마귀,0,0.162625
PAT_112_168_360.png,PAT_112,BCC,기저세포암,사마귀,0,0.395858
PAT_388_1590_518.png,PAT_388,BCC,기저세포암,악성흑색종,0,0.395019
PAT_746_1407_708.png,PAT_746,MEL,악성흑색종,악성흑색종,1,0.999994
PAT_65_101_847.png,PAT_65,ACK,광선각화증,표피낭종,0,0.023431
PAT_69_1053_540.png,PAT_69,ACK,광선각화증,악성흑색종,0,0.975169
PAT_1119_472_513.png,PAT_1119,ACK,광선각화증,악성흑색종,0,0.999419
PAT_517_972_845.png,PAT_517,BCC,기저세포암,악성흑색종,0,0.976506
PAT_44_63_151.png,PAT_44,ACK,광선각화증,악성흑색종,0,1.000000
PAT_2126_4654_644.png,PAT_2126,ACK,광선각화증,악성흑색종,0,0.932777
PAT_712_1335_359.png,PAT_712,SCC,편평세포암,표피낭종,0,0.016823
PAT_1849_3629_214.png,PAT_1849,ACK,광선각화증,악성흑색종,0,0.867415
PAT_708_1333_222.png,PAT_708,BCC,기저세포암,사마귀,0,0.044415
PAT_860_1641_440.png,PAT_860,SCC,편평세포암,표피낭종,0,0.000339
PAT_1420_1460_733.png,PAT_1420,SEK,지루각화증,악성흑색종,0,0.998459
PAT_2065_4413_298.png,PAT_2065,SEK,지루각화증,악성흑색종,0,0.996264
PAT_882_1678_192.png,PAT_882,SCC,편평세포암,광선각화증,0,0.274059
PAT_532_3216_633.png,PAT_532,SEK,지루각화증,악성흑색종,0,0.907089
PAT_394_794_235.png,PAT_394,BCC,기저세포암,악성흑색종,0,0.546943
PAT_590_1121_504.png,PAT_590,SCC,편평세포암,사마귀,0,0.016273
PAT_1933_3883_413.png,PAT_1933,SEK,지루각화증,악성흑색종,0,0.999335
PAT_1565_2432_808.png,PAT_1565,ACK,광선각화증,악성흑색종,0,0.297073
PAT_1904_3794_215.png,PAT_1904,NEV,멜라닌세포모반,악성흑색종,0,0.791591
PAT_279_1393_118.png,PAT_279,BCC,기저세포암,표피낭종,0,0.294648
PAT_211_319_810.png,PAT_211,BCC,기저세포암,표피낭종,0,0.101451
PAT_864_1645_639.png,PAT_864,BCC,기저세포암,악성흑색종,0,0.658911
PAT_1783_3415_640.png,PAT_1783,SEK,지루각화증,악성흑색종,0,0.579447
PAT_1699_3126_673.png,PAT_1699,NEV,멜라닌세포모반,멜라닌세포모반,1,0.031759
PAT_1364_1246_447.png,PAT_1364,NEV,멜라닌세포모반,흑색점,0,0.272121
PAT_512_962_998.png,PAT_512,BCC,기저세포암,피지샘증식증,0,0.015899
PAT_924_1757_784.png,PAT_924,SCC,편평세포암,악성흑색종,0,0.910524
PAT_809_1528_118.png,PAT_809,ACK,광선각화증,악성흑색종,0,0.515451
PAT_1483_1678_850.png,PAT_1483,ACK,광선각화증,악성흑색종,0,0.998993
PAT_400_801_376.png,PAT_400,SCC,편평세포암,악성흑색종,0,0.295342
PAT_2102_4575_616.png,PAT_2102,ACK,광선각화증,표피낭종,0,0.333354
PAT_326_690_797.png,PAT_326,BCC,기저세포암,흑색점,0,0.142663
PAT_40_1026_312.png,PAT_40,BCC,기저세포암,멜라닌세포모반,0,0.356072
PAT_957_1814_77.png,PAT_957,NEV,멜라닌세포모반,멜라닌세포모반,1,0.046225
PAT_452_882_896.png,PAT_452,BCC,기저세포암,악성흑색종,0,0.999975
PAT_948_1801_721.png,PAT_948,BCC,기저세포암,악성흑색종,0,0.964995
PAT_57_90_910.png,PAT_57,ACK,광선각화증,악성흑색종,0,0.983272
PAT_975_1834_152.png,PAT_975,MEL,악성흑색종,악성흑색종,1,0.994488
PAT_128_194_28.png,PAT_128,BCC,기저세포암,사마귀,0,0.088200
PAT_155_240_211.png,PAT_155,SCC,편평세포암,악성흑색종,0,0.964044
PAT_2107_4595_381.png,PAT_2107,ACK,광선각화증,편평세포암,0,0.497975
PAT_53_82_940.png,PAT_53,BCC,기저세포암,악성흑색종,0,0.624438
PAT_596_1146_316.png,PAT_596,BCC,기저세포암,사마귀,0,0.118102
PAT_713_1336_159.png,PAT_713,SCC,편평세포암,악성흑색종,0,0.993342
PAT_153_1200_541.png,PAT_153,BCC,기저세포암,표피낭종,0,0.000199
PAT_1874_3687_799.png,PAT_1874,SEK,지루각화증,흑색점,0,0.198050
PAT_230_351_720.png,PAT_230,ACK,광선각화증,사마귀,0,0.014376
PAT_328_1738_890.png,PAT_328,ACK,광선각화증,악성흑색종,0,0.995873
PAT_1498_1716_626.png,PAT_1498,ACK,광선각화증,악성흑색종,0,0.948059
PAT_366_752_782.png,PAT_366,BCC,기저세포암,피지샘증식증,0,0.001675
PAT_433_852_20.png,PAT_433,MEL,악성흑색종,악성흑색종,1,0.687189
PAT_1709_3159_935.png,PAT_1709,SEK,지루각화증,악성흑색종,0,0.998863
PAT_431_850_472.png,PAT_431,BCC,기저세포암,보웬병,0,0.074038
PAT_1611_2725_680.png,PAT_1611,NEV,멜라닌세포모반,멜라닌세포모반,1,0.062708
PAT_849_1612_143.png,PAT_849,BCC,기저세포암,악성흑색종,0,0.733943
PAT_1399_1367_121.png,PAT_1399,ACK,광선각화증,악성흑색종,0,0.888100
PAT_1704_3142_702.png,PAT_1704,ACK,광선각화증,악성흑색종,0,0.696824
PAT_227_347_19.png,PAT_227,SCC,편평세포암,악성흑색종,0,0.999567
PAT_1799_3457_209.png,PAT_1799,ACK,광선각화증,표피낭종,0,0.134277
PAT_430_847_315.png,PAT_430,BCC,기저세포암,악성흑색종,0,0.944930
PAT_903_1719_943.png,PAT_903,BCC,기저세포암,악성흑색종,0,0.410630
PAT_749_1414_770.png,PAT_749,ACK,광선각화증,악성흑색종,0,0.717846
PAT_1065_277_768.png,PAT_1065,ACK,광선각화증,악성흑색종,0,0.272538
PAT_202_307_424.png,PAT_202,BCC,기저세포암,표피낭종,0,0.002567
PAT_1812_3492_670.png,PAT_1812,ACK,광선각화증,악성흑색종,0,0.510308
PAT_1554_2393_96.png,PAT_1554,SEK,지루각화증,악성흑색종,0,0.928218
PAT_1369_1270_496.png,PAT_1369,ACK,광선각화증,악성흑색종,0,0.795083
PAT_761_1435_561.png,PAT_761,BCC,기저세포암,악성흑색종,0,0.901698
PAT_1738_3260_304.png,PAT_1738,ACK,광선각화증,표피낭종,0,0.173065
PAT_1019_110_194.png,PAT_1019,ACK,광선각화증,악성흑색종,0,0.987347
PAT_49_75_326.png,PAT_49,SCC,편평세포암,광선각화증,0,0.014020
PAT_999_20_583.png,PAT_999,ACK,광선각화증,지루각화증,0,0.103381
PAT_1733_3239_389.png,PAT_1733,NEV,멜라닌세포모반,멜라닌세포모반,1,0.279660
PAT_247_378_484.png,PAT_247,BCC,기저세포암,악성흑색종,0,0.933382
PAT_456_887_499.png,PAT_456,BCC,기저세포암,악성흑색종,0,0.802901
PAT_637_1434_570.png,PAT_637,SCC,편평세포암,피지샘증식증,0,0.023085
PAT_571_1097_652.png,PAT_571,ACK,광선각화증,광선각화증,1,0.052072
PAT_1198_715_648.png,PAT_1198,SEK,지루각화증,멜라닌세포모반,0,0.032121
PAT_1731_3237_197.png,PAT_1731,NEV,멜라닌세포모반,피지샘증식증,0,0.002091
PAT_1593_2652_422.png,PAT_1593,SEK,지루각화증,악성흑색종,0,0.969640
PAT_388_2452_548.png,PAT_388,ACK,광선각화증,악성흑색종,0,0.986748
PAT_202_916_612.png,PAT_202,ACK,광선각화증,광선각화증,1,0.094812
PAT_1170_608_367.png,PAT_1170,ACK,광선각화증,멜라닌세포모반,0,0.254333
PAT_1065_275_136.png,PAT_1065,ACK,광선각화증,악성흑색종,0,0.638916
PAT_704_1323_974.png,PAT_704,ACK,광선각화증,악성흑색종,0,0.999534
PAT_753_1428_451.png,PAT_753,BCC,기저세포암,악성흑색종,0,0.783733
PAT_715_4072_827.png,PAT_715,ACK,광선각화증,악성흑색종,0,0.917452
PAT_639_3674_452.png,PAT_639,ACK,광선각화증,악성흑색종,0,0.364803
PAT_1072_318_856.png,PAT_1072,SEK,지루각화증,악성흑색종,0,0.565673
PAT_349_724_133.png,PAT_349,SCC,편평세포암,악성흑색종,0,0.999303
PAT_1420_1461_93.png,PAT_1420,SEK,지루각화증,악성흑색종,0,0.751743
PAT_237_362_909.png,PAT_237,BCC,기저세포암,악성흑색종,0,0.420184
PAT_646_1225_590.png,PAT_646,BCC,기저세포암,사마귀,0,0.365954
PAT_630_1196_710.png,PAT_630,SCC,편평세포암,편평세포암,1,0.541391
PAT_2041_4298_408.png,PAT_2041,ACK,광선각화증,악성흑색종,0,0.278545
PAT_1600_2685_445.png,PAT_1600,ACK,광선각화증,악성흑색종,0,0.978750
PAT_1460_1598_708.png,PAT_1460,SEK,지루각화증,사마귀,0,0.107512
PAT_2131_4683_112.png,PAT_2131,ACK,광선각화증,악성흑색종,0,0.977571
PAT_492_1782_752.png,PAT_492,ACK,광선각화증,악성흑색종,0,0.958288
PAT_757_4220_942.png,PAT_757,ACK,광선각화증,악성흑색종,0,0.325175
PAT_412_817_232.png,PAT_412,BCC,기저세포암,사마귀,0,0.052618
PAT_1070_308_751.png,PAT_1070,SEK,지루각화증,악성흑색종,0,0.320095
PAT_365_750_854.png,PAT_365,SCC,편평세포암,악성흑색종,0,0.490252
PAT_2011_4140_787.png,PAT_2011,ACK,광선각화증,악성흑색종,0,0.918322
PAT_330_696_894.png,PAT_330,BCC,기저세포암,악성흑색종,0,0.768001
PAT_582_1363_358.png,PAT_582,BCC,기저세포암,악성흑색종,0,1.000000
PAT_1280_972_727.png,PAT_1280,ACK,광선각화증,악성흑색종,0,0.338545
PAT_393_793_852.png,PAT_393,ACK,광선각화증,광선각화증,1,0.007088
PAT_61_299_74.png,PAT_61,NEV,멜라닌세포모반,멜라닌세포모반,1,0.184044
PAT_432_851_560.png,PAT_432,BCC,기저세포암,악성흑색종,0,0.633774
PAT_2106_4590_227.png,PAT_2106,ACK,광선각화증,악성흑색종,0,0.892708
PAT_85_129_225.png,PAT_85,ACK,광선각화증,멜라닌세포모반,0,0.284323
PAT_1790_3427_355.png,PAT_1790,ACK,광선각화증,악성흑색종,0,0.439457
PAT_180_279_377.png,PAT_180,BCC,기저세포암,피지샘증식증,0,0.193761
PAT_219_336_376.png,PAT_219,SCC,편평세포암,악성흑색종,0,0.952257
PAT_1286_999_824.png,PAT_1286,SEK,지루각화증,멜라닌세포모반,0,0.015943
PAT_529_994_419.png,PAT_529,BCC,기저세포암,악성흑색종,0,0.881155
PAT_188_289_908.png,PAT_188,BCC,기저세포암,표피낭종,0,0.002912
PAT_356_736_188.png,PAT_356,BCC,기저세포암,표피낭종,0,0.003869
PAT_1432_1497_328.png,PAT_1432,ACK,광선각화증,표피낭종,0,0.103582
PAT_951_1836_991.png,PAT_951,ACK,광선각화증,표피낭종,0,0.023347
PAT_1448_1551_366.png,PAT_1448,NEV,멜라닌세포모반,악성흑색종,0,0.765599
PAT_911_1728_101.png,PAT_911,BCC,기저세포암,표피낭종,0,0.013022
PAT_697_1317_892.png,PAT_697,BCC,기저세포암,표피낭종,0,0.000623
PAT_1832_3597_594.png,PAT_1832,SEK,지루각화증,멜라닌세포모반,0,0.240698
PAT_856_1626_523.png,PAT_856,BCC,기저세포암,표피낭종,0,0.123182
PAT_1914_3821_427.png,PAT_1914,NEV,멜라닌세포모반,멜라닌세포모반,1,0.042043
PAT_835_1577_938.png,PAT_835,BCC,기저세포암,광선각화증,0,0.311705
PAT_1914_3823_180.png,PAT_1914,NEV,멜라닌세포모반,악성흑색종,0,0.872616
PAT_1978_4004_82.png,PAT_1978,SEK,지루각화증,악성흑색종,0,0.786943
PAT_627_1188_755.png,PAT_627,NEV,멜라닌세포모반,멜라닌세포모반,1,0.002721
PAT_531_3079_652.png,PAT_531,ACK,광선각화증,악성흑색종,0,0.996612
PAT_1720_3208_130.png,PAT_1720,ACK,광선각화증,광선각화증,1,0.032368
PAT_115_177_575.png,PAT_115,BCC,기저세포암,표피낭종,0,0.023132
PAT_570_1085_429.png,PAT_570,BCC,기저세포암,악성흑색종,0,0.732183
PAT_337_706_254.png,PAT_337,BCC,기저세포암,피지샘증식증,0,0.069167
PAT_1597_2666_130.png,PAT_1597,NEV,멜라닌세포모반,악성흑색종,0,0.665131
PAT_923_1753_496.png,PAT_923,BCC,기저세포암,악성흑색종,0,0.987429
PAT_1682_3052_873.png,PAT_1682,NEV,멜라닌세포모반,악성흑색종,0,0.579237
PAT_207_1280_15.png,PAT_207,BCC,기저세포암,표피낭종,0,0.000593
PAT_242_368_261.png,PAT_242,BCC,기저세포암,악성흑색종,0,0.616897
PAT_806_1519_527.png,PAT_806,BCC,기저세포암,표피낭종,0,0.031126
PAT_1491_1703_637.png,PAT_1491,ACK,광선각화증,악성흑색종,0,0.913903
PAT_1379_4145_486.png,PAT_1379,NEV,멜라닌세포모반,멜라닌세포모반,1,0.079906
PAT_703_1329_112.png,PAT_703,BCC,기저세포암,악성흑색종,0,0.998565
PAT_468_905_765.png,PAT_468,BCC,기저세포암,악성흑색종,0,0.736034
PAT_1449_1554_932.png,PAT_1449,ACK,광선각화증,흑색점,0,0.018254
PAT_1666_2985_968.png,PAT_1666,ACK,광선각화증,악성흑색종,0,0.852462
PAT_305_655_30.png,PAT_305,BCC,기저세포암,표피낭종,0,0.134095
PAT_493_1862_360.png,PAT_493,BCC,기저세포암,악성흑색종,0,0.999922
PAT_401_4594_970.png,PAT_401,ACK,광선각화증,표피낭종,0,0.019352
PAT_36_49_935.png,PAT_36,BCC,기저세포암,악성흑색종,0,0.880672
PAT_204_310_975.png,PAT_204,BCC,기저세포암,피지샘증식증,0,0.051323
PAT_788_1503_168.png,PAT_788,BCC,기저세포암,악성흑색종,0,0.998822
PAT_217_963_806.png,PAT_217,ACK,광선각화증,악성흑색종,0,0.943094
PAT_1298_1050_519.png,PAT_1298,NEV,멜라닌세포모반,피부섬유종,0,0.000998
PAT_514_969_187.png,PAT_514,BCC,기저세포암,악성흑색종,0,0.999996
PAT_86_1109_306.png,PAT_86,BCC,기저세포암,악성흑색종,0,0.341913
PAT_1585_2619_396.png,PAT_1585,SEK,지루각화증,악성흑색종,0,0.352643
PAT_812_1625_430.png,PAT_812,BCC,기저세포암,피지샘증식증,0,0.010701
PAT_86_1082_41.png,PAT_86,ACK,광선각화증,광선각화증,1,0.064342
PAT_886_4635_304.png,PAT_886,ACK,광선각화증,광선각화증,1,0.011028
PAT_1451_1562_545.png,PAT_1451,NEV,멜라닌세포모반,악성흑색종,0,0.805111
PAT_791_1487_906.png,PAT_791,NEV,멜라닌세포모반,악성흑색종,0,0.987946
PAT_223_341_187.png,PAT_223,BCC,기저세포암,멜라닌세포모반,0,0.246780
PAT_267_1061_152.png,PAT_267,BCC,기저세포암,표피낭종,0,0.223658
PAT_1314_1108_442.png,PAT_1314,SEK,지루각화증,악성흑색종,0,0.828738
PAT_15_23_240.png,PAT_15,BCC,기저세포암,악성흑색종,0,0.652928
PAT_2006_4123_719.png,PAT_2006,NEV,멜라닌세포모반,멜라닌세포모반,1,0.009233
PAT_196_300_749.png,PAT_196,BCC,기저세포암,기저세포암,1,0.992128
PAT_499_945_878.png,PAT_499,BCC,기저세포암,피지샘증식증,0,0.001210
PAT_1575_2516_23.png,PAT_1575,ACK,광선각화증,표피낭종,0,0.051344
PAT_230_1008_673.png,PAT_230,ACK,광선각화증,악성흑색종,0,0.986270
PAT_470_908_103.png,PAT_470,BCC,기저세포암,표피낭종,0,0.114094
PAT_1403_1392_407.png,PAT_1403,ACK,광선각화증,악성흑색종,0,0.863324
PAT_813_1619_543.png,PAT_813,BCC,기저세포암,악성흑색종,0,0.992782
PAT_905_1721_327.png,PAT_905,BCC,기저세포암,악성흑색종,0,0.485775
PAT_294_638_564.png,PAT_294,BCC,기저세포암,악성흑색종,0,0.921186
PAT_621_1182_456.png,PAT_621,NEV,멜라닌세포모반,멜라닌세포모반,1,0.473286
PAT_220_1343_489.png,PAT_220,NEV,멜라닌세포모반,사마귀,0,0.260399
PAT_1460_1598_746.png,PAT_1460,SEK,지루각화증,악성흑색종,0,0.762225
PAT_537_1014_961.png,PAT_537,SCC,편평세포암,악성흑색종,0,0.993729
PAT_388_4500_67.png,PAT_388,ACK,광선각화증,표피낭종,0,0.022561
PAT_311_666_191.png,PAT_311,SCC,편평세포암,표피낭종,0,0.002105
PAT_382_776_986.png,PAT_382,BCC,기저세포암,광선각화증,0,0.078937
PAT_735_1391_683.png,PAT_735,ACK,광선각화증,광선각화증,1,0.152373
PAT_221_339_951.png,PAT_221,BCC,기저세포암,피지샘증식증,0,0.261486
PAT_1591_2648_855.png,PAT_1591,NEV,멜라닌세포모반,멜라닌세포모반,1,0.034799
PAT_286_1459_666.png,PAT_286,NEV,멜라닌세포모반,피지샘증식증,0,0.066622
PAT_1065_278_954.png,PAT_1065,ACK,광선각화증,멜라닌세포모반,0,0.257156
PAT_924_1757_704.png,PAT_924,SCC,편평세포암,사마귀,0,0.283418
PAT_846_1607_895.png,PAT_846,ACK,광선각화증,악성흑색종,0,0.908552
PAT_168_262_74.png,PAT_168,BCC,기저세포암,피지샘증식증,0,0.091260
PAT_1171_615_468.png,PAT_1171,ACK,광선각화증,악성흑색종,0,0.798625
PAT_1477_1660_226.png,PAT_1477,NEV,멜라닌세포모반,악성흑색종,0,0.930797
PAT_776_1466_241.png,PAT_776,BCC,기저세포암,표피낭종,0,0.000187
PAT_356_735_568.png,PAT_356,BCC,기저세포암,표피낭종,0,0.089221
PAT_109_868_113.png,PAT_109,MEL,악성흑색종,악성흑색종,1,0.989354
PAT_755_1430_681.png,PAT_755,ACK,광선각화증,표피낭종,0,0.043718
PAT_549_1043_36.png,PAT_549,SCC,편평세포암,사마귀,0,0.300096
PAT_917_1735_936.png,PAT_917,NEV,멜라닌세포모반,흑색점,0,0.161974
PAT_1074_322_242.png,PAT_1074,ACK,광선각화증,악성흑색종,0,0.806824
PAT_2034_4268_141.png,PAT_2034,ACK,광선각화증,흑색점,0,0.102925
PAT_8_15_820.png,PAT_8,BCC,기저세포암,악성흑색종,0,0.993284
PAT_86_1109_164.png,PAT_86,BCC,기저세포암,광선각화증,0,0.519536
PAT_540_1016_644.png,PAT_540,BCC,기저세포암,악성흑색종,0,0.680201
PAT_166_3672_759.png,PAT_166,SEK,지루각화증,악성흑색종,0,0.998782
PAT_749_1415_164.png,PAT_749,ACK,광선각화증,악성흑색종,0,0.964780
PAT_1402_1377_799.png,PAT_1402,ACK,광선각화증,악성흑색종,0,0.660825
PAT_1479_1669_376.png,PAT_1479,ACK,광선각화증,악성흑색종,0,0.940010
PAT_744_1405_742.png,PAT_744,BCC,기저세포암,광선각화증,0,0.158136
PAT_1942_3917_379.png,PAT_1942,SEK,지루각화증,악성흑색종,0,0.884672
PAT_677_1349_851.png,PAT_677,SCC,편평세포암,악성흑색종,0,0.880698
PAT_71_108_56.png,PAT_71,ACK,광선각화증,악성흑색종,0,0.899096
PAT_337_706_944.png,PAT_337,BCC,기저세포암,광선각화증,0,0.021139
PAT_388_787_818.png,PAT_388,BCC,기저세포암,악성흑색종,0,0.629895
PAT_287_440_729.png,PAT_287,ACK,광선각화증,악성흑색종,0,0.747568
PAT_1764_3335_803.png,PAT_1764,SEK,지루각화증,악성흑색종,0,0.996240
PAT_771_1489_345.png,PAT_771,SCC,편평세포암,악성흑색종,0,0.977882
PAT_814_1532_265.png,PAT_814,BCC,기저세포암,사마귀,0,0.020187
PAT_2021_4180_381.png,PAT_2021,ACK,광선각화증,악성흑색종,0,0.932600
PAT_419_2768_910.png,PAT_419,SEK,지루각화증,악성흑색종,0,0.968895
PAT_664_1263_781.png,PAT_664,SCC,편평세포암,피지샘증식증,0,0.051506
PAT_1591_2648_723.png,PAT_1591,NEV,멜라닌세포모반,멜라닌세포모반,1,0.071275
PAT_1641_2886_284.png,PAT_1641,SEK,지루각화증,악성흑색종,0,0.879241
PAT_1322_1137_201.png,PAT_1322,ACK,광선각화증,악성흑색종,0,0.880882
PAT_413_819_550.png,PAT_413,BCC,기저세포암,표피낭종,0,0.212948
PAT_1404_1393_540.png,PAT_1404,SEK,지루각화증,악성흑색종,0,0.279660
PAT_253_384_607.png,PAT_253,BCC,기저세포암,악성흑색종,0,0.911381
PAT_837_1582_714.png,PAT_837,BCC,기저세포암,표피낭종,0,0.148597
PAT_522_986_800.png,PAT_522,BCC,기저세포암,사마귀,0,0.001996
PAT_53_1370_288.png,PAT_53,BCC,기저세포암,사마귀,0,0.078871
PAT_938_1789_693.png,PAT_938,BCC,기저세포암,악성흑색종,0,0.999996
PAT_854_1635_103.png,PAT_854,BCC,기저세포암,표피낭종,0,0.113812
PAT_1690_3082_117.png,PAT_1690,ACK,광선각화증,표피낭종,0,0.382423
PAT_595_1142_142.png,PAT_595,ACK,광선각화증,표피낭종,0,0.025723
PAT_1993_4077_139.png,PAT_1993,ACK,광선각화증,악성흑색종,0,0.358569
PAT_835_1578_592.png,PAT_835,BCC,기저세포암,표피낭종,0,0.302423
PAT_492_1784_50.png,PAT_492,ACK,광선각화증,악성흑색종,0,0.940940
PAT_492_4723_890.png,PAT_492,ACK,광선각화증,표피낭종,0,0.006522
PAT_528_992_124.png,PAT_528,ACK,광선각화증,악성흑색종,0,0.997750
PAT_709_1331_253.png,PAT_709,BCC,기저세포암,광선각화증,0,0.283485
PAT_1392_1352_778.png,PAT_1392,SEK,지루각화증,악성흑색종,0,0.968205
PAT_1547_4232_115.png,PAT_1547,ACK,광선각화증,악성흑색종,0,0.999983
PAT_184_284_721.png,PAT_184,ACK,광선각화증,사마귀,0,0.001094
PAT_640_1210_293.png,PAT_640,BCC,기저세포암,편평세포암,0,0.816027
PAT_1067_284_533.png,PAT_1067,ACK,광선각화증,악성흑색종,0,0.520623
PAT_354_1814_619.png,PAT_354,SEK,지루각화증,흑색점,0,0.181900
PAT_1708_3153_799.png,PAT_1708,ACK,광선각화증,악성흑색종,0,0.946456
PAT_224_1340_142.png,PAT_224,ACK,광선각화증,악성흑색종,0,0.965453
PAT_198_302_44.png,PAT_198,BCC,기저세포암,흑색점,0,0.162607
PAT_407_810_390.png,PAT_407,BCC,기저세포암,표피낭종,0,0.133316
PAT_63_99_189.png,PAT_63,BCC,기저세포암,멜라닌세포모반,0,0.075569
PAT_138_205_296.png,PAT_138,BCC,기저세포암,표피낭종,0,0.078674
PAT_90_138_369.png,PAT_90,BCC,기저세포암,악성흑색종,0,0.522549
PAT_297_4307_924.png,PAT_297,NEV,멜라닌세포모반,표피낭종,0,0.204589
PAT_1439_1522_211.png,PAT_1439,SEK,지루각화증,악성흑색종,0,0.707320
PAT_705_1326_82.png,PAT_705,SCC,편평세포암,멜라닌세포모반,0,0.368788
PAT_1805_3477_772.png,PAT_1805,ACK,광선각화증,광선각화증,1,0.128248
PAT_1273_953_510.png,PAT_1273,NEV,멜라닌세포모반,멜라닌세포모반,1,0.172567
PAT_715_4073_115.png,PAT_715,ACK,광선각화증,악성흑색종,0,0.998043
PAT_1572_2495_335.png,PAT_1572,ACK,광선각화증,악성흑색종,0,0.965435
PAT_68_105_871.png,PAT_68,BCC,기저세포암,표피낭종,0,0.037153
PAT_577_1107_61.png,PAT_577,NEV,멜라닌세포모반,멜라닌세포모반,1,0.163988
PAT_1506_1735_733.png,PAT_1506,ACK,광선각화증,악성흑색종,0,0.418024
PAT_154_237_625.png,PAT_154,BCC,기저세포암,악성흑색종,0,0.716183
PAT_1252_866_852.png,PAT_1252,SEK,지루각화증,악성흑색종,0,0.760954
PAT_1689_3075_38.png,PAT_1689,ACK,광선각화증,사마귀,0,0.092838
PAT_1415_1439_295.png,PAT_1415,ACK,광선각화증,악성흑색종,0,0.886657
PAT_63_99_736.png,PAT_63,BCC,기저세포암,표피낭종,0,0.090202
PAT_464_899_646.png,PAT_464,BCC,기저세포암,편평세포암,0,0.963220
PAT_330_695_90.png,PAT_330,BCC,기저세포암,표피낭종,0,0.273560
PAT_1707_3148_835.png,PAT_1707,ACK,광선각화증,표피낭종,0,0.287630
PAT_181_832_158.png,PAT_181,SEK,지루각화증,악성흑색종,0,0.999892
PAT_961_1818_992.png,PAT_961,ACK,광선각화증,악성흑색종,0,0.589270
PAT_126_191_304.png,PAT_126,BCC,기저세포암,사마귀,0,0.463769
PAT_683_1296_237.png,PAT_683,BCC,기저세포암,악성흑색종,0,0.529648
PAT_108_424_944.png,PAT_108,ACK,광선각화증,사마귀,0,0.439838
PAT_558_1072_486.png,PAT_558,BCC,기저세포암,표피낭종,0,0.036609
PAT_834_4490_317.png,PAT_834,ACK,광선각화증,악성흑색종,0,0.882512
PAT_1503_1728_65.png,PAT_1503,NEV,멜라닌세포모반,악성흑색종,0,0.991277
PAT_927_1759_749.png,PAT_927,BCC,기저세포암,피지샘증식증,0,0.259291
PAT_97_151_503.png,PAT_97,BCC,기저세포암,편평세포암,0,0.839523
PAT_876_1664_579.png,PAT_876,BCC,기저세포암,악성흑색종,0,0.921830
PAT_690_1309_217.png,PAT_690,BCC,기저세포암,사마귀,0,0.375975
PAT_122_185_957.png,PAT_122,BCC,기저세포암,악성흑색종,0,1.000000
PAT_1881_3717_785.png,PAT_1881,NEV,멜라닌세포모반,멜라닌세포모반,1,0.166251
PAT_884_1683_538.png,PAT_884,MEL,악성흑색종,악성흑색종,1,1.000000
PAT_2011_4141_862.png,PAT_2011,ACK,광선각화증,악성흑색종,0,0.992576
PAT_463_897_440.png,PAT_463,BCC,기저세포암,악성흑색종,0,0.999193
PAT_824_1561_796.png,PAT_824,ACK,광선각화증,광선각화증,1,0.123433
PAT_1586_2624_615.png,PAT_1586,SEK,지루각화증,악성흑색종,0,0.426973
PAT_859_1638_598.png,PAT_859,SCC,편평세포암,사마귀,0,0.383649
PAT_535_1011_567.png,PAT_535,BCC,기저세포암,광선각화증,0,0.142614
PAT_793_1512_382.png,PAT_793,NEV,멜라닌세포모반,악성흑색종,0,0.951595
PAT_153_233_45.png,PAT_153,BCC,기저세포암,사마귀,0,0.341569
PAT_1736_3246_166.png,PAT_1736,ACK,광선각화증,악성흑색종,0,0.503012
PAT_338_709_306.png,PAT_338,SCC,편평세포암,악성흑색종,0,0.935001
PAT_950_1804_64.png,PAT_950,BCC,기저세포암,악성흑색종,0,0.454717
PAT_246_377_159.png,PAT_246,ACK,광선각화증,멜라닌세포모반,0,0.092959
PAT_796_1509_459.png,PAT_796,BCC,기저세포암,표피낭종,0,0.001346
PAT_1608_2720_196.png,PAT_1608,ACK,광선각화증,악성흑색종,0,0.860375
PAT_819_1541_727.png,PAT_819,SEK,지루각화증,표피낭종,0,0.199849
PAT_621_3591_171.png,PAT_621,NEV,멜라닌세포모반,멜라닌세포모반,1,0.005033
PAT_16_24_691.png,PAT_16,BCC,기저세포암,악성흑색종,0,0.980794
PAT_834_1572_973.png,PAT_834,SCC,편평세포암,악성흑색종,0,0.402922
PAT_72_110_647.png,PAT_72,NEV,멜라닌세포모반,악성흑색종,0,0.600725
PAT_152_230_934.png,PAT_152,BCC,기저세포암,사마귀,0,0.185207
PAT_356_4511_960.png,PAT_356,ACK,광선각화증,표피낭종,0,0.334064
PAT_1388_3513_146.png,PAT_1388,NEV,멜라닌세포모반,멜라닌세포모반,1,0.000457
PAT_1406_1397_669.png,PAT_1406,ACK,광선각화증,악성흑색종,0,0.562433
PAT_75_114_73.png,PAT_75,BCC,기저세포암,편평세포암,0,0.607220
PAT_50_76_296.png,PAT_50,BCC,기저세포암,악성흑색종,0,0.914179
PAT_600_1141_988.png,PAT_600,SCC,편평세포암,멜라닌세포모반,0,0.165250
PAT_624_1180_803.png,PAT_624,BCC,기저세포암,악성흑색종,0,0.967047
PAT_691_1311_2.png,PAT_691,BCC,기저세포암,악성흑색종,0,0.671564
PAT_1770_3344_274.png,PAT_1770,NEV,멜라닌세포모반,흑색점,0,0.149144
PAT_362_744_283.png,PAT_362,BCC,기저세포암,흑색점,0,0.212298
PAT_198_853_778.png,PAT_198,NEV,멜라닌세포모반,흑색점,0,0.000749
PAT_649_1233_229.png,PAT_649,SEK,지루각화증,악성흑색종,0,0.759357
PAT_386_1554_362.png,PAT_386,BCC,기저세포암,악성흑색종,0,0.492065
PAT_641_1211_321.png,PAT_641,NEV,멜라닌세포모반,멜라닌세포모반,1,0.160529
PAT_966_1826_587.png,PAT_966,ACK,광선각화증,광선각화증,1,0.149929
PAT_1521_1778_763.png,PAT_1521,SEK,지루각화증,악성흑색종,0,0.337990
PAT_800_1514_512.png,PAT_800,SCC,편평세포암,악성흑색종,0,0.781895
PAT_1618_2771_628.png,PAT_1618,SEK,지루각화증,악성흑색종,0,0.997189
PAT_601_1147_943.png,PAT_601,BCC,기저세포암,악성흑색종,0,0.576033
PAT_994_1866_913.png,PAT_994,BCC,기저세포암,사마귀,0,0.200134
PAT_277_426_825.png,PAT_277,SCC,편평세포암,악성흑색종,0,0.427446
PAT_557_1058_309.png,PAT_557,BCC,기저세포암,표피낭종,0,0.022652
PAT_67_104_730.png,PAT_67,BCC,기저세포암,악성흑색종,0,0.995889
PAT_403_804_994.png,PAT_403,NEV,멜라닌세포모반,표피낭종,0,0.271345
PAT_465_901_106.png,PAT_465,NEV,멜라닌세포모반,멜라닌세포모반,1,0.014906
PAT_526_3205_611.png,PAT_526,ACK,광선각화증,표피낭종,0,0.003024
PAT_1414_1431_754.png,PAT_1414,ACK,광선각화증,피지샘증식증,0,0.222903
PAT_1130_501_181.png,PAT_1130,ACK,광선각화증,멜라닌세포모반,0,0.234550
PAT_841_1603_667.png,PAT_841,BCC,기저세포암,흑색점,0,0.296187
PAT_1022_115_132.png,PAT_1022,ACK,광선각화증,악성흑색종,0,0.979944
PAT_1020_111_593.png,PAT_1020,ACK,광선각화증,피지샘증식증,0,0.234734
PAT_1709_3159_144.png,PAT_1709,SEK,지루각화증,악성흑색종,0,0.495260
PAT_1735_3242_27.png,PAT_1735,NEV,멜라닌세포모반,악성흑색종,0,0.980474
PAT_926_1758_714.png,PAT_926,BCC,기저세포암,표피낭종,0,0.225080
PAT_154_235_162.png,PAT_154,BCC,기저세포암,악성흑색종,0,0.448282
PAT_831_1570_637.png,PAT_831,ACK,광선각화증,악성흑색종,0,0.911604
PAT_1249_862_658.png,PAT_1249,NEV,멜라닌세포모반,악성흑색종,0,0.980401
PAT_759_1433_914.png,PAT_759,NEV,멜라닌세포모반,표피낭종,0,0.001364
PAT_183_283_602.png,PAT_183,SCC,편평세포암,악성흑색종,0,0.988766
PAT_764_1448_499.png,PAT_764,BCC,기저세포암,멜라닌세포모반,0,0.387524
PAT_934_1778_140.png,PAT_934,SCC,편평세포암,표피낭종,0,0.048456
PAT_1531_1800_683.png,PAT_1531,ACK,광선각화증,악성흑색종,0,0.218394
PAT_2144_4738_120.png,PAT_2144,NEV,멜라닌세포모반,멜라닌세포모반,1,0.011288
PAT_1370_1274_515.png,PAT_1370,ACK,광선각화증,표피낭종,0,0.212903
PAT_251_382_164.png,PAT_251,BCC,기저세포암,악성흑색종,0,0.737927
PAT_862_1643_386.png,PAT_862,ACK,광선각화증,악성흑색종,0,0.948631
PAT_1418_1447_360.png,PAT_1418,SEK,지루각화증,악성흑색종,0,0.929147
PAT_56_86_802.png,PAT_56,SCC,편평세포암,편평세포암,1,0.479847
PAT_2103_4581_72.png,PAT_2103,NEV,멜라닌세포모반,악성흑색종,0,0.988732
PAT_1846_3622_35.png,PAT_1846,NEV,멜라닌세포모반,표피낭종,0,0.030639
PAT_1365_1253_912.png,PAT_1365,ACK,광선각화증,악성흑색종,0,0.734368
PAT_1509_1742_422.png,PAT_1509,ACK,광선각화증,광선각화증,1,0.063959
PAT_625_1184_994.png,PAT_625,SEK,지루각화증,악성흑색종,0,0.947486
PAT_522_985_991.png,PAT_522,ACK,광선각화증,피지샘증식증,0,0.003789
PAT_43_1017_483.png,PAT_43,BCC,기저세포암,표피낭종,0,0.017862
PAT_1349_1229_828.png,PAT_1349,NEV,멜라닌세포모반,멜라닌세포모반,1,0.041244
PAT_1374_1284_208.png,PAT_1374,ACK,광선각화증,멜라닌세포모반,0,0.223362
PAT_609_1159_932.png,PAT_609,BCC,기저세포암,표피낭종,0,0.069108
PAT_1090_376_384.png,PAT_1090,ACK,광선각화증,멜라닌세포모반,0,0.214441
PAT_370_2558_175.png,PAT_370,ACK,광선각화증,악성흑색종,0,0.991565
PAT_225_345_903.png,PAT_225,ACK,광선각화증,사마귀,0,0.045860
PAT_1371_1276_145.png,PAT_1371,ACK,광선각화증,악성흑색종,0,0.300801
PAT_71_108_617.png,PAT_71,ACK,광선각화증,악성흑색종,0,0.824809
PAT_475_913_874.png,PAT_475,BCC,기저세포암,피지샘증식증,0,0.288357
PAT_1273_952_89.png,PAT_1273,NEV,멜라닌세포모반,악성흑색종,0,0.850531
PAT_1712_3173_684.png,PAT_1712,ACK,광선각화증,악성흑색종,0,0.822218
PAT_212_327_532.png,PAT_212,BCC,기저세포암,표피낭종,0,0.155195
PAT_1340_1208_931.png,PAT_1340,SEK,지루각화증,멜라닌세포모반,0,0.140864
PAT_1420_1460_951.png,PAT_1420,SEK,지루각화증,악성흑색종,0,0.994864
PAT_935_1786_482.png,PAT_935,SCC,편평세포암,피부섬유종,0,0.022997
PAT_258_397_198.png,PAT_258,BCC,기저세포암,악성흑색종,0,0.687612
PAT_168_260_654.png,PAT_168,BCC,기저세포암,비립종,0,0.066645
PAT_439_2887_834.png,PAT_439,NEV,멜라닌세포모반,악성흑색종,0,0.757509
PAT_596_1146_294.png,PAT_596,BCC,기저세포암,광선각화증,0,0.048651
PAT_314_672_909.png,PAT_314,BCC,기저세포암,피지샘증식증,0,0.028639
PAT_255_388_231.png,PAT_255,BCC,기저세포암,악성흑색종,0,0.987484
PAT_809_1527_202.png,PAT_809,SCC,편평세포암,피지샘증식증,0,0.547777
PAT_224_343_782.png,PAT_224,BCC,기저세포암,피지샘증식증,0,0.012312
PAT_959_1813_1000.png,PAT_959,BCC,기저세포암,악성흑색종,0,0.475601
PAT_1551_1889_948.png,PAT_1551,ACK,광선각화증,악성흑색종,0,0.579771
PAT_1944_3921_281.png,PAT_1944,SEK,지루각화증,멜라닌세포모반,0,0.265615
PAT_1741_3273_34.png,PAT_1741,ACK,광선각화증,악성흑색종,0,0.991378
PAT_1065_276_231.png,PAT_1065,ACK,광선각화증,악성흑색종,0,0.280497
PAT_2034_4269_670.png,PAT_2034,ACK,광선각화증,흑색점,0,0.138319
PAT_448_875_81.png,PAT_448,SCC,편평세포암,악성흑색종,0,0.624368
PAT_773_1459_554.png,PAT_773,BCC,기저세포암,악성흑색종,0,0.892002
PAT_1415_1437_527.png,PAT_1415,SEK,지루각화증,멜라닌세포모반,0,0.057944
PAT_1735_3241_207.png,PAT_1735,NEV,멜라닌세포모반,악성흑색종,0,0.999683
PAT_2053_4360_281.png,PAT_2053,SEK,지루각화증,악성흑색종,0,0.737351
PAT_90_139_57.png,PAT_90,BCC,기저세포암,악성흑색종,0,0.570259
PAT_827_1598_85.png,PAT_827,BCC,기저세포암,악성흑색종,0,0.878220
PAT_1780_3380_542.png,PAT_1780,SEK,지루각화증,악성흑색종,0,0.955977
PAT_1529_1798_206.png,PAT_1529,SEK,지루각화증,악성흑색종,0,0.994492
PAT_954_1808_415.png,PAT_954,BCC,기저세포암,사마귀,0,0.046034
PAT_471_909_394.png,PAT_471,NEV,멜라닌세포모반,멜라닌세포모반,1,0.095205
PAT_1288_1003_553.png,PAT_1288,NEV,멜라닌세포모반,악성흑색종,0,0.555911
PAT_337_706_598.png,PAT_337,BCC,기저세포암,피지샘증식증,0,0.340394
PAT_817_4471_179.png,PAT_817,ACK,광선각화증,표피낭종,0,0.182700
PAT_1892_3760_713.png,PAT_1892,ACK,광선각화증,멜라닌세포모반,0,0.331180
PAT_1326_1156_163.png,PAT_1326,NEV,멜라닌세포모반,멜라닌세포모반,1,0.123604
PAT_771_1488_922.png,PAT_771,SCC,편평세포암,피지샘증식증,0,0.391718
PAT_379_1531_17.png,PAT_379,BCC,기저세포암,피지샘증식증,0,0.083104
PAT_2065_4412_407.png,PAT_2065,SEK,지루각화증,악성흑색종,0,0.310465
PAT_921_1750_313.png,PAT_921,ACK,광선각화증,사마귀,0,0.322954
PAT_392_792_712.png,PAT_392,BCC,기저세포암,악성흑색종,0,0.523584
PAT_768_1449_842.png,PAT_768,SCC,편평세포암,악성흑색종,0,0.999458
PAT_1764_3336_981.png,PAT_1764,SEK,지루각화증,악성흑색종,0,0.999910
PAT_633_1199_218.png,PAT_633,SCC,편평세포암,피부섬유종,0,0.114159
PAT_53_1144_892.png,PAT_53,BCC,기저세포암,악성흑색종,0,0.966950
PAT_528_3072_615.png,PAT_528,ACK,광선각화증,악성흑색종,0,0.987563
PAT_2119_4625_733.png,PAT_2119,ACK,광선각화증,악성흑색종,0,0.992286
PAT_473_911_610.png,PAT_473,BCC,기저세포암,표피낭종,0,0.110008
PAT_816_1544_933.png,PAT_816,BCC,기저세포암,악성흑색종,0,0.998620
PAT_330_698_302.png,PAT_330,BCC,기저세포암,표피낭종,0,0.201892
PAT_159_246_630.png,PAT_159,BCC,기저세포암,광선각화증,0,0.140573
PAT_571_1096_10.png,PAT_571,BCC,기저세포암,사마귀,0,0.358310
PAT_1481_1675_371.png,PAT_1481,ACK,광선각화증,악성흑색종,0,0.964665
PAT_510_959_985.png,PAT_510,BCC,기저세포암,악성흑색종,0,0.436138
PAT_409_2614_805.png,PAT_409,ACK,광선각화증,악성흑색종,0,0.452588
PAT_768_1450_402.png,PAT_768,BCC,기저세포암,광선각화증,0,0.187504
PAT_1216_759_542.png,PAT_1216,NEV,멜라닌세포모반,악성흑색종,0,0.997287
PAT_123_186_718.png,PAT_123,BCC,기저세포암,광선각화증,0,0.124584
PAT_1626_2811_850.png,PAT_1626,SEK,지루각화증,악성흑색종,0,0.983251
PAT_1133_510_956.png,PAT_1133,ACK,광선각화증,악성흑색종,0,0.995558
PAT_59_93_342.png,PAT_59,BCC,기저세포암,표피낭종,0,0.006082
PAT_330_1440_532.png,PAT_330,SCC,편평세포암,악성흑색종,0,0.325807
PAT_1934_3890_306.png,PAT_1934,NEV,멜라닌세포모반,멜라닌세포모반,1,0.074030
PAT_1203_724_762.png,PAT_1203,SEK,지루각화증,지루각화증,1,0.076301
PAT_2098_4559_436.png,PAT_2098,ACK,광선각화증,악성흑색종,0,0.843005
PAT_1275_955_131.png,PAT_1275,ACK,광선각화증,표피낭종,0,0.057878
PAT_798_1529_282.png,PAT_798,NEV,멜라닌세포모반,악성흑색종,0,0.939464
PAT_796_1509_400.png,PAT_796,BCC,기저세포암,피지샘증식증,0,0.033509
PAT_373_2598_514.png,PAT_373,SEK,지루각화증,사마귀,0,0.026239
PAT_1221_766_430.png,PAT_1221,SEK,지루각화증,멜라닌세포모반,0,0.112595
PAT_167_684_365.png,PAT_167,ACK,광선각화증,멜라닌세포모반,0,0.141697
PAT_535_1010_303.png,PAT_535,BCC,기저세포암,표피낭종,0,0.043534
PAT_798_1771_240.png,PAT_798,ACK,광선각화증,악성흑색종,0,0.242662
PAT_150_1799_644.png,PAT_150,SCC,편평세포암,악성흑색종,0,0.999046
PAT_192_296_824.png,PAT_192,SCC,편평세포암,표피낭종,0,0.011719
PAT_142_210_904.png,PAT_142,BCC,기저세포암,악성흑색종,0,0.997514
PAT_1555_2396_71.png,PAT_1555,SEK,지루각화증,악성흑색종,0,0.767898
PAT_528_993_589.png,PAT_528,ACK,광선각화증,악성흑색종,0,0.987563
PAT_722_1376_280.png,PAT_722,BCC,기저세포암,악성흑색종,0,0.999983
PAT_953_1806_845.png,PAT_953,SCC,편평세포암,표피낭종,0,0.055681
PAT_340_714_314.png,PAT_340,MEL,악성흑색종,악성흑색종,1,0.999982
PAT_1170_609_378.png,PAT_1170,ACK,광선각화증,흑색점,0,0.168104
PAT_845_1604_313.png,PAT_845,BCC,기저세포암,피지샘증식증,0,0.136807
PAT_996_6_367.png,PAT_996,ACK,광선각화증,악성흑색종,0,0.255181
PAT_2122_4642_204.png,PAT_2122,ACK,광선각화증,악성흑색종,0,0.350831
PAT_168_262_292.png,PAT_168,BCC,기저세포암,광선각화증,0,0.002721
PAT_277_427_658.png,PAT_277,ACK,광선각화증,악성흑색종,0,0.988945
PAT_38_1003_226.png,PAT_38,ACK,광선각화증,악성흑색종,0,0.741049
PAT_903_1720_647.png,PAT_903,BCC,기저세포암,악성흑색종,0,0.464203
PAT_2039_4290_273.png,PAT_2039,ACK,광선각화증,악성흑색종,0,0.887811
PAT_1727_3233_399.png,PAT_1727,ACK,광선각화증,악성흑색종,0,0.994815
PAT_272_419_906.png,PAT_272,BCC,기저세포암,악성흑색종,0,0.524826
PAT_29_40_561.png,PAT_29,NEV,멜라닌세포모반,악성흑색종,0,0.998283
PAT_164_255_119.png,PAT_164,SCC,편평세포암,광선각화증,0,0.100439
PAT_238_364_387.png,PAT_238,ACK,광선각화증,사마귀,0,0.370042
PAT_1955_3946_319.png,PAT_1955,ACK,광선각화증,멜라닌세포모반,0,0.022701
PAT_944_1795_666.png,PAT_944,BCC,기저세포암,광선각화증,0,0.093369
PAT_490_933_17.png,PAT_490,SCC,편평세포암,악성흑색종,0,0.994053
PAT_180_279_746.png,PAT_180,BCC,기저세포암,사마귀,0,0.007414
PAT_789_1483_793.png,PAT_789,BCC,기저세포암,사마귀,0,0.195569
PAT_1767_3340_959.png,PAT_1767,ACK,광선각화증,표피낭종,0,0.401022
PAT_1408_1404_929.png,PAT_1408,SEK,지루각화증,악성흑색종,0,0.947283
PAT_1951_3934_98.png,PAT_1951,ACK,광선각화증,악성흑색종,0,0.999666
PAT_177_775_786.png,PAT_177,ACK,광선각화증,악성흑색종,0,0.469908
PAT_1483_1678_538.png,PAT_1483,ACK,광선각화증,악성흑색종,0,0.992253
PAT_711_4067_260.png,PAT_711,ACK,광선각화증,악성흑색종,0,0.975882
PAT_914_1740_932.png,PAT_914,ACK,광선각화증,악성흑색종,0,0.967736
PAT_53_81_522.png,PAT_53,BCC,기저세포암,악성흑색종,0,0.266478
PAT_1370_1273_41.png,PAT_1370,ACK,광선각화증,악성흑색종,0,0.644901
PAT_457_890_255.png,PAT_457,ACK,광선각화증,광선각화증,1,0.221897
PAT_494_939_518.png,PAT_494,BCC,기저세포암,광선각화증,0,0.301016
PAT_835_1578_52.png,PAT_835,BCC,기저세포암,사마귀,0,0.081105
PAT_325_689_528.png,PAT_325,SCC,편평세포암,표피낭종,0,0.007253
PAT_344_718_206.png,PAT_344,NEV,멜라닌세포모반,흑색점,0,0.252044
PAT_1088_373_781.png,PAT_1088,ACK,광선각화증,악성흑색종,0,0.904282
PAT_1061_254_813.png,PAT_1061,ACK,광선각화증,피지샘증식증,0,0.152504
PAT_432_851_386.png,PAT_432,BCC,기저세포암,악성흑색종,0,0.542379
PAT_27_38_240.png,PAT_27,ACK,광선각화증,악성흑색종,0,0.998963
PAT_2036_4280_90.png,PAT_2036,ACK,광선각화증,악성흑색종,0,0.999587
PAT_147_219_544.png,PAT_147,BCC,기저세포암,사마귀,0,0.150558
PAT_2150_4766_754.png,PAT_2150,ACK,광선각화증,악성흑색종,0,0.972882
PAT_267_1062_418.png,PAT_267,BCC,기저세포암,피지샘증식증,0,0.087675
PAT_2090_4532_178.png,PAT_2090,ACK,광선각화증,악성흑색종,0,0.395438
PAT_2049_4348_485.png,PAT_2049,SEK,지루각화증,멜라닌세포모반,0,0.378608
PAT_753_1833_710.png,PAT_753,ACK,광선각화증,악성흑색종,0,0.985511
PAT_968_1835_721.png,PAT_968,BCC,기저세포암,광선각화증,0,0.002784
PAT_717_1347_899.png,PAT_717,MEL,악성흑색종,악성흑색종,1,1.000000
PAT_1605_2715_845.png,PAT_1605,ACK,광선각화증,악성흑색종,0,0.371583
PAT_1650_2913_374.png,PAT_1650,ACK,광선각화증,악성흑색종,0,0.492040
PAT_354_1814_153.png,PAT_354,SEK,지루각화증,광선각화증,0,0.094337
PAT_1208_736_599.png,PAT_1208,NEV,멜라닌세포모반,악성흑색종,0,0.989330
PAT_852_1629_265.png,PAT_852,BCC,기저세포암,악성흑색종,0,0.997935
PAT_2105_4587_204.png,PAT_2105,ACK,광선각화증,악성흑색종,0,0.983030
PAT_1066_281_698.png,PAT_1066,ACK,광선각화증,악성흑색종,0,0.706809
PAT_1308_1095_117.png,PAT_1308,NEV,멜라닌세포모반,멜라닌세포모반,1,0.014140
PAT_379_4405_969.png,PAT_379,ACK,광선각화증,악성흑색종,0,0.975673
PAT_677_1350_67.png,PAT_677,ACK,광선각화증,악성흑색종,0,0.996589
PAT_217_1290_283.png,PAT_217,BCC,기저세포암,피지샘증식증,0,0.058214
PAT_742_1402_818.png,PAT_742,ACK,광선각화증,악성흑색종,0,0.999988
PAT_1288_1003_969.png,PAT_1288,NEV,멜라닌세포모반,악성흑색종,0,0.837055
PAT_1780_3381_999.png,PAT_1780,NEV,멜라닌세포모반,멜라닌세포모반,1,0.343055
PAT_846_4421_153.png,PAT_846,ACK,광선각화증,악성흑색종,0,0.596576
PAT_605_1152_536.png,PAT_605,SCC,편평세포암,악성흑색종,0,0.829615
PAT_613_1164_827.png,PAT_613,BCC,기저세포암,표피낭종,0,0.005206
PAT_1819_3569_217.png,PAT_1819,ACK,광선각화증,악성흑색종,0,0.982170
PAT_881_1681_462.png,PAT_881,SCC,편평세포암,사마귀,0,0.034306
PAT_1636_2869_595.png,PAT_1636,SEK,지루각화증,악성흑색종,0,0.852475
PAT_75_113_165.png,PAT_75,SCC,편평세포암,피지샘증식증,0,0.127589
PAT_817_1537_943.png,PAT_817,BCC,기저세포암,사마귀,0,0.128863
PAT_1772_3346_66.png,PAT_1772,NEV,멜라닌세포모반,표피낭종,0,0.134408
PAT_786_1480_914.png,PAT_786,BCC,기저세포암,피지샘증식증,0,0.247863
PAT_269_415_103.png,PAT_269,BCC,기저세포암,악성흑색종,0,0.998665
PAT_788_1503_541.png,PAT_788,BCC,기저세포암,악성흑색종,0,0.998965
PAT_823_1558_67.png,PAT_823,BCC,기저세포암,악성흑색종,0,0.648527
PAT_1988_4052_897.png,PAT_1988,SEK,지루각화증,사마귀,0,0.070050
PAT_492_937_126.png,PAT_492,SCC,편평세포암,편평세포암,1,0.828253
PAT_386_1554_455.png,PAT_386,BCC,기저세포암,악성흑색종,0,0.996289
PAT_1307_1088_252.png,PAT_1307,SEK,지루각화증,멜라닌세포모반,0,0.104173
PAT_1557_2399_681.png,PAT_1557,ACK,광선각화증,표피낭종,0,0.099612
PAT_40_56_160.png,PAT_40,BCC,기저세포암,악성흑색종,0,0.989854
PAT_1837_3608_851.png,PAT_1837,NEV,멜라닌세포모반,표피낭종,0,0.043661
PAT_313_669_908.png,PAT_313,BCC,기저세포암,악성흑색종,0,0.348968
PAT_464_900_548.png,PAT_464,BCC,기저세포암,악성흑색종,0,0.976555
PAT_658_1266_149.png,PAT_658,BCC,기저세포암,악성흑색종,0,0.524341
PAT_1801_3459_857.png,PAT_1801,NEV,멜라닌세포모반,멜라닌세포모반,1,0.003521
PAT_657_1247_455.png,PAT_657,BCC,기저세포암,악성흑색종,0,0.976921
PAT_154_235_30.png,PAT_154,BCC,기저세포암,사마귀,0,0.396106
PAT_1505_1733_128.png,PAT_1505,ACK,광선각화증,사마귀,0,0.097698
PAT_1377_3512_370.png,PAT_1377,SEK,지루각화증,악성흑색종,0,0.999030
PAT_810_1526_67.png,PAT_810,BCC,기저세포암,악성흑색종,0,0.521739
PAT_1186_680_578.png,PAT_1186,NEV,멜라닌세포모반,멜라닌세포모반,1,0.006930
PAT_270_1387_430.png,PAT_270,SEK,지루각화증,악성흑색종,0,0.975081
PAT_419_2767_323.png,PAT_419,ACK,광선각화증,악성흑색종,0,0.743269
PAT_2030_4246_973.png,PAT_2030,NEV,멜라닌세포모반,표피낭종,0,0.021637
PAT_2092_4537_438.png,PAT_2092,SEK,지루각화증,악성흑색종,0,0.696807
PAT_343_717_927.png,PAT_343,SEK,지루각화증,악성흑색종,0,0.995779
PAT_1364_1246_143.png,PAT_1364,NEV,멜라닌세포모반,멜라닌세포모반,1,0.046124
PAT_2016_4156_941.png,PAT_2016,SEK,지루각화증,악성흑색종,0,0.480575
PAT_1573_2497_736.png,PAT_1573,ACK,광선각화증,광선각화증,1,0.036008
PAT_935_1785_530.png,PAT_935,SCC,편평세포암,사마귀,0,0.053661
PAT_1034_161_203.png,PAT_1034,ACK,광선각화증,악성흑색종,0,0.949778
PAT_637_1434_684.png,PAT_637,SCC,편평세포암,사마귀,0,0.031531
PAT_610_1156_461.png,PAT_610,BCC,기저세포암,악성흑색종,0,0.894224
PAT_252_383_31.png,PAT_252,BCC,기저세포암,표피낭종,0,0.193694
PAT_890_1694_29.png,PAT_890,NEV,멜라닌세포모반,악성흑색종,0,0.848212
PAT_96_150_743.png,PAT_96,BCC,기저세포암,편평세포암,0,0.979424
PAT_1708_3155_581.png,PAT_1708,ACK,광선각화증,악성흑색종,0,0.991657
PAT_756_1496_480.png,PAT_756,NEV,멜라닌세포모반,멜라닌세포모반,1,0.013782
PAT_745_1406_409.png,PAT_745,BCC,기저세포암,악성흑색종,0,0.957695
PAT_1723_3218_111.png,PAT_1723,SEK,지루각화증,악성흑색종,0,0.687945
PAT_1350_1230_925.png,PAT_1350,NEV,멜라닌세포모반,악성흑색종,0,0.557873
PAT_309_663_812.png,PAT_309,ACK,광선각화증,편평세포암,0,0.911969
PAT_104_1754_276.png,PAT_104,ACK,광선각화증,피지샘증식증,0,0.022464
PAT_797_1511_805.png,PAT_797,BCC,기저세포암,악성흑색종,0,0.953660
PAT_928_1764_426.png,PAT_928,BCC,기저세포암,표피낭종,0,0.005851
PAT_397_797_638.png,PAT_397,SCC,편평세포암,광선각화증,0,0.000400
PAT_818_1539_859.png,PAT_818,BCC,기저세포암,광선각화증,0,0.132750
PAT_1405_1395_96.png,PAT_1405,ACK,광선각화증,표피낭종,0,0.298319
PAT_260_1289_396.png,PAT_260,ACK,광선각화증,악성흑색종,0,0.934692
PAT_506_957_377.png,PAT_506,BCC,기저세포암,사마귀,0,0.019817
PAT_579_1099_837.png,PAT_579,ACK,광선각화증,표피낭종,0,0.123319
PAT_1570_2472_418.png,PAT_1570,NEV,멜라닌세포모반,악성흑색종,0,0.567092
PAT_918_1742_456.png,PAT_918,BCC,기저세포암,악성흑색종,0,0.995515
PAT_1246_846_899.png,PAT_1246,ACK,광선각화증,악성흑색종,0,0.448391
PAT_579_1100_988.png,PAT_579,ACK,광선각화증,표피낭종,0,0.002012
PAT_1367_1264_801.png,PAT_1367,ACK,광선각화증,편평세포암,0,0.863648
PAT_993_1865_559.png,PAT_993,BCC,기저세포암,광선각화증,0,0.260380
PAT_268_413_643.png,PAT_268,BCC,기저세포암,편평세포암,0,0.970460
PAT_207_313_1.png,PAT_207,BCC,기저세포암,표피낭종,0,0.263169
PAT_1374_1285_735.png,PAT_1374,ACK,광선각화증,악성흑색종,0,0.780012
PAT_1406_1396_511.png,PAT_1406,SEK,지루각화증,악성흑색종,0,0.957497
PAT_173_268_1000.png,PAT_173,NEV,멜라닌세포모반,악성흑색종,0,0.670421
PAT_342_716_316.png,PAT_342,BCC,기저세포암,피지샘증식증,0,0.026533
PAT_970_1833_270.png,PAT_970,BCC,기저세포암,악성흑색종,0,0.948263
PAT_996_6_622.png,PAT_996,ACK,광선각화증,흑색점,0,0.116384
PAT_651_1232_950.png,PAT_651,ACK,광선각화증,악성흑색종,0,0.958074
PAT_1600_2685_164.png,PAT_1600,ACK,광선각화증,악성흑색종,0,0.984895
PAT_1807_3481_801.png,PAT_1807,ACK,광선각화증,피지샘증식증,0,0.207826
PAT_960_1816_662.png,PAT_960,ACK,광선각화증,악성흑색종,0,0.430835
PAT_245_376_24.png,PAT_245,BCC,기저세포암,표피낭종,0,0.309868
PAT_1755_3310_986.png,PAT_1755,NEV,멜라닌세포모반,표피낭종,0,0.011192
PAT_1006_53_385.png,PAT_1006,ACK,광선각화증,악성흑색종,0,0.781130
PAT_1569_2456_393.png,PAT_1569,SEK,지루각화증,악성흑색종,0,0.999981
PAT_380_773_362.png,PAT_380,BCC,기저세포암,표피낭종,0,0.007091
PAT_834_1574_276.png,PAT_834,SCC,편평세포암,악성흑색종,0,0.712463
PAT_163_254_719.png,PAT_163,ACK,광선각화증,표피낭종,0,0.112135
PAT_265_407_421.png,PAT_265,BCC,기저세포암,표피낭종,0,0.036290
PAT_674_1277_9.png,PAT_674,BCC,기저세포암,피지샘증식증,0,0.228310
PAT_1800_3460_206.png,PAT_1800,SEK,지루각화증,표피낭종,0,0.254327
PAT_534_1009_924.png,PAT_534,BCC,기저세포암,악성흑색종,0,0.979181
PAT_585_1130_552.png,PAT_585,ACK,광선각화증,사마귀,0,0.004110
PAT_690_1309_154.png,PAT_690,BCC,기저세포암,편평세포암,0,0.938134
PAT_1577_2543_510.png,PAT_1577,SEK,지루각화증,멜라닌세포모반,0,0.231092
PAT_2024_4224_141.png,PAT_2024,ACK,광선각화증,악성흑색종,0,0.996948
PAT_2034_4266_880.png,PAT_2034,ACK,광선각화증,멜라닌세포모반,0,0.087180
PAT_505_951_710.png,PAT_505,BCC,기저세포암,표피낭종,0,0.101231
PAT_1475_1651_727.png,PAT_1475,ACK,광선각화증,악성흑색종,0,0.957772
PAT_1761_3329_837.png,PAT_1761,SEK,지루각화증,악성흑색종,0,0.999309
PAT_564_1079_430.png,PAT_564,BCC,기저세포암,광선각화증,0,0.100349
PAT_747_1409_116.png,PAT_747,ACK,광선각화증,표피낭종,0,0.031363
PAT_566_179_23.png,PAT_566,ACK,광선각화증,악성흑색종,0,0.271376
PAT_719_1361_234.png,PAT_719,MEL,악성흑색종,악성흑색종,1,0.999431
PAT_1893_3761_666.png,PAT_1893,ACK,광선각화증,악성흑색종,0,0.999986
PAT_1486_1684_182.png,PAT_1486,ACK,광선각화증,악성흑색종,0,0.876325
PAT_2129_4680_110.png,PAT_2129,NEV,멜라닌세포모반,악성흑색종,0,0.970928
PAT_1739_3261_325.png,PAT_1739,ACK,광선각화증,악성흑색종,0,0.963742
PAT_1034_160_819.png,PAT_1034,ACK,광선각화증,악성흑색종,0,0.972395
PAT_950_1804_334.png,PAT_950,BCC,기저세포암,광선각화증,0,0.336723
PAT_1536_1819_91.png,PAT_1536,ACK,광선각화증,멜라닌세포모반,0,0.279962
PAT_1402_1376_507.png,PAT_1402,ACK,광선각화증,악성흑색종,0,0.971129
PAT_406_808_975.png,PAT_406,BCC,기저세포암,악성흑색종,0,0.430091
PAT_237_362_52.png,PAT_237,BCC,기저세포암,사마귀,0,0.035902
PAT_900_1711_622.png,PAT_900,NEV,멜라닌세포모반,멜라닌세포모반,1,0.100461
PAT_504_953_569.png,PAT_504,SEK,지루각화증,악성흑색종,0,0.936993
PAT_2153_4782_321.png,PAT_2153,ACK,광선각화증,악성흑색종,0,0.589565
PAT_1729_3235_712.png,PAT_1729,ACK,광선각화증,악성흑색종,0,0.997047
PAT_593_1127_823.png,PAT_593,BCC,기저세포암,피지샘증식증,0,0.081530
PAT_1670_3007_105.png,PAT_1670,ACK,광선각화증,광선각화증,1,0.127785
PAT_673_1276_752.png,PAT_673,ACK,광선각화증,악성흑색종,0,0.999868
PAT_487_930_973.png,PAT_487,SCC,편평세포암,표피낭종,0,0.003982
PAT_15_3138_959.png,PAT_15,ACK,광선각화증,광선각화증,1,0.200791
PAT_1180_651_559.png,PAT_1180,NEV,멜라닌세포모반,악성흑색종,0,0.458687
PAT_1261_896_349.png,PAT_1261,SEK,지루각화증,악성흑색종,0,0.999959
PAT_931_1762_69.png,PAT_931,ACK,광선각화증,표피낭종,0,0.055439
PAT_678_1298_396.png,PAT_678,SCC,편평세포암,악성흑색종,0,0.999997
PAT_810_1526_639.png,PAT_810,BCC,기저세포암,사마귀,0,0.071846
PAT_83_126_820.png,PAT_83,BCC,기저세포암,악성흑색종,0,0.999720
PAT_1220_765_464.png,PAT_1220,SEK,지루각화증,악성흑색종,0,0.989755
PAT_987_1859_859.png,PAT_987,ACK,광선각화증,악성흑색종,0,0.660194
PAT_638_3680_891.png,PAT_638,ACK,광선각화증,악성흑색종,0,0.449108
PAT_901_1716_497.png,PAT_901,BCC,기저세포암,표피낭종,0,0.065870
PAT_735_1391_261.png,PAT_735,ACK,광선각화증,표피낭종,0,0.230149
PAT_787_1482_328.png,PAT_787,SCC,편평세포암,악성흑색종,0,0.998100
PAT_467_904_535.png,PAT_467,BCC,기저세포암,사마귀,0,0.050906
PAT_684_1303_178.png,PAT_684,BCC,기저세포암,악성흑색종,0,0.991794
PAT_822_1550_132.png,PAT_822,BCC,기저세포암,광선각화증,0,0.217619
PAT_1296_1038_1.png,PAT_1296,ACK,광선각화증,광선각화증,1,0.180007
PAT_629_1192_362.png,PAT_629,SCC,편평세포암,사마귀,0,0.005835
PAT_1286_1000_276.png,PAT_1286,SEK,지루각화증,악성흑색종,0,0.938215
PAT_1603_2704_969.png,PAT_1603,NEV,멜라닌세포모반,멜라닌세포모반,1,0.025890
PAT_919_1744_451.png,PAT_919,BCC,기저세포암,피지샘증식증,0,0.043809
PAT_1305_1082_88.png,PAT_1305,NEV,멜라닌세포모반,멜라닌세포모반,1,0.003056
PAT_1452_1564_377.png,PAT_1452,ACK,광선각화증,멜라닌세포모반,0,0.241329
PAT_650_1241_329.png,PAT_650,BCC,기저세포암,악성흑색종,0,0.977400
PAT_625_1184_412.png,PAT_625,SEK,지루각화증,멜라닌세포모반,0,0.327618
PAT_460_894_242.png,PAT_460,BCC,기저세포암,편평세포암,0,0.967680
PAT_1534_1809_366.png,PAT_1534,NEV,멜라닌세포모반,멜라닌세포모반,1,0.006165
PAT_2099_4562_100.png,PAT_2099,NEV,멜라닌세포모반,악성흑색종,0,0.497665
PAT_352_729_947.png,PAT_352,NEV,멜라닌세포모반,멜라닌세포모반,1,0.094723
PAT_126_190_376.png,PAT_126,ACK,광선각화증,광선각화증,1,0.026440
PAT_626_1187_34.png,PAT_626,BCC,기저세포암,악성흑색종,0,0.999579
PAT_633_1199_745.png,PAT_633,SCC,편평세포암,혈관종,0,0.095359
PAT_902_1718_852.png,PAT_902,MEL,악성흑색종,멜라닌세포모반,0,0.004778
PAT_1412_1421_512.png,PAT_1412,ACK,광선각화증,악성흑색종,0,0.907058
PAT_877_1667_118.png,PAT_877,BCC,기저세포암,악성흑색종,0,0.709387
PAT_210_316_401.png,PAT_210,ACK,광선각화증,악성흑색종,0,0.843205
PAT_645_1222_860.png,PAT_645,BCC,기저세포암,악성흑색종,0,0.999973
PAT_478_916_979.png,PAT_478,BCC,기저세포암,표피낭종,0,0.198377
PAT_377_1580_429.png,PAT_377,SCC,편평세포암,광선각화증,0,0.419080
PAT_873_1661_178.png,PAT_873,ACK,광선각화증,악성흑색종,0,0.386061
PAT_565_1073_749.png,PAT_565,BCC,기저세포암,광선각화증,0,0.020738
PAT_386_784_470.png,PAT_386,SCC,편평세포암,광선각화증,0,0.108797
PAT_1393_1355_316.png,PAT_1393,ACK,광선각화증,표피낭종,0,0.462771
PAT_108_161_878.png,PAT_108,SCC,편평세포암,편평세포암,1,0.984269
PAT_1940_3902_876.png,PAT_1940,NEV,멜라닌세포모반,멜라닌세포모반,1,0.007127
PAT_545_1029_650.png,PAT_545,BCC,기저세포암,표피낭종,0,0.005541
PAT_1746_3284_798.png,PAT_1746,ACK,광선각화증,악성흑색종,0,0.782988
PAT_704_1324_359.png,PAT_704,ACK,광선각화증,악성흑색종,0,0.936113
PAT_2020_4176_865.png,PAT_2020,ACK,광선각화증,악성흑색종,0,0.903733
PAT_1138_520_154.png,PAT_1138,NEV,멜라닌세포모반,악성흑색종,0,0.536347
PAT_380_774_185.png,PAT_380,ACK,광선각화증,피지샘증식증,0,0.063727
PAT_559_1093_774.png,PAT_559,BCC,기저세포암,악성흑색종,0,0.635067
PAT_2093_4542_192.png,PAT_2093,ACK,광선각화증,악성흑색종,0,0.813283
PAT_1468_1622_219.png,PAT_1468,ACK,광선각화증,악성흑색종,0,0.956883
PAT_387_786_213.png,PAT_387,SCC,편평세포암,편평세포암,1,0.565759
PAT_1975_3999_453.png,PAT_1975,SEK,지루각화증,멜라닌세포모반,0,0.297059
PAT_1728_3234_404.png,PAT_1728,ACK,광선각화증,악성흑색종,0,0.478218
PAT_1563_2426_436.png,PAT_1563,ACK,광선각화증,악성흑색종,0,0.978950
PAT_366_2448_563.png,PAT_366,ACK,광선각화증,악성흑색종,0,0.995185
PAT_711_1334_480.png,PAT_711,BCC,기저세포암,악성흑색종,0,0.698201
PAT_428_845_189.png,PAT_428,ACK,광선각화증,광선각화증,1,0.064923
PAT_1186_681_457.png,PAT_1186,NEV,멜라닌세포모반,표피낭종,0,0.100512
PAT_802_1516_510.png,PAT_802,ACK,광선각화증,악성흑색종,0,0.528536
PAT_2003_4107_766.png,PAT_2003,ACK,광선각화증,광선각화증,1,0.157479
PAT_2116_4614_671.png,PAT_2116,ACK,광선각화증,피지샘증식증,0,0.252590
PAT_211_318_942.png,PAT_211,BCC,기저세포암,악성흑색종,0,0.760214
PAT_316_674_318.png,PAT_316,BCC,기저세포암,악성흑색종,0,0.999795
PAT_1351_1231_203.png,PAT_1351,NEV,멜라닌세포모반,멜라닌세포모반,1,0.302678
PAT_806_1520_60.png,PAT_806,BCC,기저세포암,광선각화증,0,0.211053
PAT_88_133_64.png,PAT_88,BCC,기저세포암,표피낭종,0,0.176492
PAT_1177_633_705.png,PAT_1177,ACK,광선각화증,악성흑색종,0,0.373168
PAT_1113_458_387.png,PAT_1113,NEV,멜라닌세포모반,멜라닌세포모반,1,0.016314
PAT_1698_3122_83.png,PAT_1698,NEV,멜라닌세포모반,악성흑색종,0,0.999939
PAT_2085_4506_726.png,PAT_2085,SEK,지루각화증,악성흑색종,0,0.591540
PAT_1243_837_806.png,PAT_1243,ACK,광선각화증,악성흑색종,0,0.972021
PAT_688_1305_242.png,PAT_688,BCC,기저세포암,피지샘증식증,0,0.006122
PAT_67_104_695.png,PAT_67,BCC,기저세포암,악성흑색종,0,0.975488
PAT_2108_4596_837.png,PAT_2108,SEK,지루각화증,악성흑색종,0,0.433452
PAT_471_909_353.png,PAT_471,NEV,멜라닌세포모반,멜라닌세포모반,1,0.061344
PAT_621_3592_955.png,PAT_621,NEV,멜라닌세포모반,멜라닌세포모반,1,0.012652
PAT_1118_470_710.png,PAT_1118,ACK,광선각화증,악성흑색종,0,0.996746
PAT_1286_999_846.png,PAT_1286,SEK,지루각화증,멜라닌세포모반,0,0.065908
PAT_1046_203_511.png,PAT_1046,SEK,지루각화증,지루각화증,1,0.089079
PAT_202_917_942.png,PAT_202,ACK,광선각화증,악성흑색종,0,0.997587
PAT_456_888_961.png,PAT_456,BCC,기저세포암,악성흑색종,0,0.999822
PAT_316_1457_353.png,PAT_316,ACK,광선각화증,악성흑색종,0,0.750833
PAT_177_274_865.png,PAT_177,BCC,기저세포암,표피낭종,0,0.003936
PAT_93_361_53.png,PAT_93,SEK,지루각화증,멜라닌세포모반,0,0.302064
PAT_330_1437_458.png,PAT_330,BCC,기저세포암,표피낭종,0,0.056058
PAT_615_1167_722.png,PAT_615,NEV,멜라닌세포모반,멜라닌세포모반,1,0.000116
PAT_1340_1207_304.png,PAT_1340,SEK,지루각화증,악성흑색종,0,0.964894
PAT_988_1858_453.png,PAT_988,BCC,기저세포암,악성흑색종,0,0.945343
PAT_2024_4225_170.png,PAT_2024,ACK,광선각화증,악성흑색종,0,0.997232
PAT_947_1798_946.png,PAT_947,BCC,기저세포암,표피낭종,0,0.298821
PAT_782_1492_890.png,PAT_782,BCC,기저세포암,악성흑색종,0,0.983177
PAT_299_1452_1.png,PAT_299,BCC,기저세포암,피지샘증식증,0,0.209829
PAT_874_1672_287.png,PAT_874,SCC,편평세포암,피지샘증식증,0,0.402561
PAT_893_1697_613.png,PAT_893,SEK,지루각화증,멜라닌세포모반,0,0.052728
PAT_351_728_683.png,PAT_351,BCC,기저세포암,악성흑색종,0,0.343505
PAT_402_803_739.png,PAT_402,BCC,기저세포암,표피낭종,0,0.179124
PAT_1179_641_735.png,PAT_1179,NEV,멜라닌세포모반,악성흑색종,0,0.409197
PAT_282_433_934.png,PAT_282,BCC,기저세포암,악성흑색종,0,0.999980
PAT_156_241_538.png,PAT_156,BCC,기저세포암,피지샘증식증,0,0.025158
PAT_1153_555_98.png,PAT_1153,NEV,멜라닌세포모반,멜라닌세포모반,1,0.152591
PAT_660_1249_469.png,PAT_660,BCC,기저세포암,피지샘증식증,0,0.109990
PAT_762_1436_414.png,PAT_762,BCC,기저세포암,광선각화증,0,0.060959
PAT_1373_1283_85.png,PAT_1373,ACK,광선각화증,악성흑색종,0,0.924507
PAT_1689_3077_411.png,PAT_1689,NEV,멜라닌세포모반,멜라닌세포모반,1,0.474885
PAT_669_1265_76.png,PAT_669,BCC,기저세포암,사마귀,0,0.240625
PAT_1414_1433_806.png,PAT_1414,ACK,광선각화증,악성흑색종,0,0.988846
PAT_861_1639_823.png,PAT_861,ACK,광선각화증,광선각화증,1,0.049553
PAT_1031_148_292.png,PAT_1031,ACK,광선각화증,악성흑색종,0,0.976313
PAT_261_401_911.png,PAT_261,BCC,기저세포암,악성흑색종,0,0.998945
PAT_110_165_583.png,PAT_110,BCC,기저세포암,피지샘증식증,0,0.001102
PAT_281_1517_293.png,PAT_281,NEV,멜라닌세포모반,악성흑색종,0,0.942009
PAT_880_1675_704.png,PAT_880,ACK,광선각화증,표피낭종,0,0.126313
PAT_2017_4164_500.png,PAT_2017,NEV,멜라닌세포모반,악성흑색종,0,0.775396
PAT_197_301_449.png,PAT_197,BCC,기저세포암,사마귀,0,0.062927
PAT_486_929_274.png,PAT_486,MEL,악성흑색종,악성흑색종,1,0.998857
PAT_955_1810_892.png,PAT_955,BCC,기저세포암,악성흑색종,0,0.970461
PAT_1093_379_273.png,PAT_1093,ACK,광선각화증,악성흑색종,0,0.504662
PAT_481_923_186.png,PAT_481,BCC,기저세포암,피지샘증식증,0,0.141536
PAT_938_1790_977.png,PAT_938,BCC,기저세포암,악성흑색종,0,1.000000
PAT_645_1223_443.png,PAT_645,BCC,기저세포암,악성흑색종,0,0.999841
PAT_86_1082_220.png,PAT_86,ACK,광선각화증,악성흑색종,0,0.991287
PAT_477_915_389.png,PAT_477,BCC,기저세포암,표피낭종,0,0.117030
PAT_1946_3924_24.png,PAT_1946,SEK,지루각화증,표피낭종,0,0.231696
PAT_885_1687_204.png,PAT_885,BCC,기저세포암,악성흑색종,0,0.652188
PAT_1931_3879_727.png,PAT_1931,ACK,광선각화증,악성흑색종,0,0.516885
PAT_904_1736_851.png,PAT_904,BCC,기저세포암,악성흑색종,0,0.999999
PAT_32_44_211.png,PAT_32,BCC,기저세포암,표피낭종,0,0.101796
PAT_815_1536_963.png,PAT_815,BCC,기저세포암,표피낭종,0,0.025912
PAT_303_652_342.png,PAT_303,BCC,기저세포암,사마귀,0,0.061107
PAT_330_695_296.png,PAT_330,BCC,기저세포암,피지샘증식증,0,0.022748
PAT_363_746_18.png,PAT_363,BCC,기저세포암,악성흑색종,0,0.517386
PAT_645_4042_489.png,PAT_645,ACK,광선각화증,표피낭종,0,0.030065
PAT_388_1590_328.png,PAT_388,BCC,기저세포암,악성흑색종,0,0.781708
PAT_747_1410_622.png,PAT_747,ACK,광선각화증,표피낭종,0,0.000281
PAT_983_1853_985.png,PAT_983,ACK,광선각화증,악성흑색종,0,0.998241
PAT_110_397_52.png,PAT_110,ACK,광선각화증,악성흑색종,0,0.623042
PAT_191_294_419.png,PAT_191,BCC,기저세포암,악성흑색종,0,0.994917
PAT_1450_1556_114.png,PAT_1450,ACK,광선각화증,광선각화증,1,0.143135
PAT_451_878_890.png,PAT_451,BCC,기저세포암,사마귀,0,0.183941
PAT_691_3994_791.png,PAT_691,ACK,광선각화증,악성흑색종,0,0.863812
PAT_1918_3836_82.png,PAT_1918,ACK,광선각화증,광선각화증,1,0.209280
PAT_430_848_550.png,PAT_430,BCC,기저세포암,악성흑색종,0,0.822280
PAT_1184_676_303.png,PAT_1184,ACK,광선각화증,악성흑색종,0,0.976486
PAT_2161_4818_501.png,PAT_2161,NEV,멜라닌세포모반,멜라닌세포모반,1,0.142687
PAT_876_1666_961.png,PAT_876,BCC,기저세포암,악성흑색종,0,0.922703
PAT_1790_3427_723.png,PAT_1790,ACK,광선각화증,악성흑색종,0,0.398545
PAT_1453_1566_310.png,PAT_1453,SEK,지루각화증,흑색점,0,0.371778
PAT_1176_631_36.png,PAT_1176,ACK,광선각화증,악성흑색종,0,0.764824
PAT_523_988_900.png,PAT_523,BCC,기저세포암,흑색점,0,0.092265
PAT_1545_1865_519.png,PAT_1545,ACK,광선각화증,악성흑색종,0,0.998748
PAT_637_1217_274.png,PAT_637,SCC,편평세포암,악성흑색종,0,0.882776
PAT_887_1688_436.png,PAT_887,BCC,기저세포암,사마귀,0,0.206358
PAT_1469_1627_109.png,PAT_1469,ACK,광선각화증,악성흑색종,0,0.689317
PAT_447_873_329.png,PAT_447,SCC,편평세포암,피지샘증식증,0,0.254129
PAT_1840_3612_959.png,PAT_1840,ACK,광선각화증,멜라닌세포모반,0,0.153942
PAT_1587_2625_226.png,PAT_1587,NEV,멜라닌세포모반,멜라닌세포모반,1,0.018905
PAT_897_1710_793.png,PAT_897,BCC,기저세포암,광선각화증,0,0.005858
PAT_931_1761_380.png,PAT_931,ACK,광선각화증,악성흑색종,0,0.699642
PAT_1937_3897_131.png,PAT_1937,ACK,광선각화증,악성흑색종,0,0.914478
PAT_936_1772_886.png,PAT_936,MEL,악성흑색종,악성흑색종,1,0.999736
PAT_691_1311_890.png,PAT_691,BCC,기저세포암,악성흑색종,0,0.863812
PAT_359_1596_68.png,PAT_359,ACK,광선각화증,사마귀,0,0.382255
PAT_1528_1795_12.png,PAT_1528,ACK,광선각화증,광선각화증,1,0.047237
PAT_270_417_257.png,PAT_270,MEL,악성흑색종,악성흑색종,1,0.999997
PAT_1998_4095_438.png,PAT_1998,ACK,광선각화증,악성흑색종,0,0.957456
PAT_894_1680_410.png,PAT_894,BCC,기저세포암,악성흑색종,0,0.999604
PAT_827_1601_859.png,PAT_827,BCC,기저세포암,악성흑색종,0,0.485877
PAT_1390_1346_709.png,PAT_1390,ACK,광선각화증,표피낭종,0,0.003171
PAT_1433_1499_29.png,PAT_1433,ACK,광선각화증,악성흑색종,0,0.885150
PAT_801_1518_574.png,PAT_801,MEL,악성흑색종,악성흑색종,1,0.734486
PAT_1777_3370_697.png,PAT_1777,ACK,광선각화증,표피낭종,0,0.086244
PAT_782_1494_418.png,PAT_782,BCC,기저세포암,광선각화증,0,0.011930
PAT_236_1071_810.png,PAT_236,ACK,광선각화증,악성흑색종,0,0.942089
PAT_1550_1888_216.png,PAT_1550,SEK,지루각화증,광선각화증,0,0.014384
PAT_457_889_346.png,PAT_457,BCC,기저세포암,악성흑색종,0,0.986720
PAT_1284_995_150.png,PAT_1284,ACK,광선각화증,악성흑색종,0,0.997386
PAT_2081_4488_57.png,PAT_2081,ACK,광선각화증,악성흑색종,0,0.986314
PAT_1364_1246_583.png,PAT_1364,NEV,멜라닌세포모반,멜라닌세포모반,1,0.037700
PAT_701_1321_156.png,PAT_701,SEK,지루각화증,악성흑색종,0,0.999539
PAT_891_1700_180.png,PAT_891,ACK,광선각화증,표피낭종,0,0.093196
PAT_940_1775_513.png,PAT_940,BCC,기저세포암,표피낭종,0,0.081027
PAT_306_1646_971.png,PAT_306,ACK,광선각화증,악성흑색종,0,0.586387
PAT_1705_3143_139.png,PAT_1705,ACK,광선각화증,악성흑색종,0,0.728480
PAT_357_737_77.png,PAT_357,BCC,기저세포암,피지샘증식증,0,0.123493
PAT_176_273_423.png,PAT_176,ACK,광선각화증,흑색점,0,0.491731
PAT_815_1535_536.png,PAT_815,BCC,기저세포암,표피낭종,0,0.010094
PAT_1431_1495_931.png,PAT_1431,ACK,광선각화증,흑색점,0,0.010212
PAT_160_248_254.png,PAT_160,BCC,기저세포암,악성흑색종,0,0.885030
PAT_211_317_649.png,PAT_211,BCC,기저세포암,악성흑색종,0,0.563977
PAT_906_1723_560.png,PAT_906,BCC,기저세포암,광선각화증,0,0.009757
PAT_1269_936_965.png,PAT_1269,SEK,지루각화증,멜라닌세포모반,0,0.019942
PAT_201_946_262.png,PAT_201,ACK,광선각화증,악성흑색종,0,0.987893
PAT_822_1551_642.png,PAT_822,BCC,기저세포암,악성흑색종,0,0.885994
PAT_1229_794_274.png,PAT_1229,NEV,멜라닌세포모반,멜라닌세포모반,1,0.101103
PAT_119_181_684.png,PAT_119,BCC,기저세포암,사마귀,0,0.123424
PAT_46_880_308.png,PAT_46,BCC,기저세포암,광선각화증,0,0.129615
PAT_896_1705_582.png,PAT_896,BCC,기저세포암,악성흑색종,0,0.806906
PAT_1017_97_577.png,PAT_1017,ACK,광선각화증,편평세포암,0,0.831405
PAT_417_3537_45.png,PAT_417,NEV,멜라닌세포모반,악성흑색종,0,0.998368
PAT_632_3700_890.png,PAT_632,ACK,광선각화증,악성흑색종,0,0.998726
PAT_530_999_696.png,PAT_530,BCC,기저세포암,광선각화증,0,0.072277
PAT_935_1783_687.png,PAT_935,BCC,기저세포암,악성흑색종,0,0.613547
PAT_473_911_630.png,PAT_473,BCC,기저세포암,광선각화증,0,0.108715
PAT_805_1517_647.png,PAT_805,SCC,편평세포암,악성흑색종,0,0.819705
PAT_834_1574_397.png,PAT_834,SCC,편평세포암,사마귀,0,0.007427
PAT_864_1646_822.png,PAT_864,BCC,기저세포암,피지샘증식증,0,0.285560
PAT_151_227_63.png,PAT_151,BCC,기저세포암,악성흑색종,0,0.664497
PAT_263_403_966.png,PAT_263,SCC,편평세포암,멜라닌세포모반,0,0.040347
PAT_197_301_198.png,PAT_197,BCC,기저세포암,사마귀,0,0.017643
PAT_2088_4523_400.png,PAT_2088,NEV,멜라닌세포모반,악성흑색종,0,0.843397
PAT_1391_1351_396.png,PAT_1391,NEV,멜라닌세포모반,피지샘증식증,0,0.079152
PAT_1615_2749_350.png,PAT_1615,ACK,광선각화증,악성흑색종,0,0.466594
PAT_1385_1323_100.png,PAT_1385,ACK,광선각화증,악성흑색종,0,0.987409
PAT_550_1045_81.png,PAT_550,BCC,기저세포암,표피낭종,0,0.004782
PAT_1535_1812_660.png,PAT_1535,NEV,멜라닌세포모반,흑색점,0,0.347571
PAT_679_1286_933.png,PAT_679,SCC,편평세포암,편평세포암,1,0.960395
PAT_2089_4529_762.png,PAT_2089,ACK,광선각화증,표피낭종,0,0.032112
PAT_122_869_60.png,PAT_122,BCC,기저세포암,악성흑색종,0,0.788953
PAT_1497_1712_633.png,PAT_1497,ACK,광선각화증,악성흑색종,0,0.670269
PAT_851_1623_815.png,PAT_851,ACK,광선각화증,악성흑색종,0,0.870216
PAT_2026_4230_141.png,PAT_2026,ACK,광선각화증,악성흑색종,0,0.998642
PAT_355_732_625.png,PAT_355,BCC,기저세포암,광선각화증,0,0.023418
PAT_86_131_107.png,PAT_86,ACK,광선각화증,악성흑색종,0,0.829856
PAT_472_910_453.png,PAT_472,BCC,기저세포암,광선각화증,0,0.085095
PAT_99_153_636.png,PAT_99,BCC,기저세포암,피지샘증식증,0,0.108932
PAT_678_1287_652.png,PAT_678,BCC,기저세포암,광선각화증,0,0.003493
PAT_1129_498_930.png,PAT_1129,NEV,멜라닌세포모반,악성흑색종,0,0.999973
PAT_158_621_68.png,PAT_158,ACK,광선각화증,악성흑색종,0,0.927222
PAT_1407_1402_734.png,PAT_1407,ACK,광선각화증,악성흑색종,0,0.976948
PAT_1407_1402_500.png,PAT_1407,ACK,광선각화증,악성흑색종,0,0.982764
PAT_1861_3648_959.png,PAT_1861,SEK,지루각화증,악성흑색종,0,0.964206
PAT_823_1558_870.png,PAT_823,BCC,기저세포암,악성흑색종,0,0.992208
PAT_532_1007_854.png,PAT_532,BCC,기저세포암,편평세포암,0,0.541190
PAT_1315_1110_317.png,PAT_1315,ACK,광선각화증,악성흑색종,0,0.194428
PAT_89_135_11.png,PAT_89,BCC,기저세포암,악성흑색종,0,0.458895
PAT_2022_4184_111.png,PAT_2022,ACK,광선각화증,악성흑색종,0,0.998495
PAT_598_1137_888.png,PAT_598,BCC,기저세포암,표피낭종,0,0.067574
PAT_252_383_389.png,PAT_252,BCC,기저세포암,멜라닌세포모반,0,0.075482
PAT_230_1007_645.png,PAT_230,ACK,광선각화증,표피낭종,0,0.324678
PAT_338_707_774.png,PAT_338,BCC,기저세포암,사마귀,0,0.027218
PAT_1029_135_983.png,PAT_1029,ACK,광선각화증,악성흑색종,0,0.921289
PAT_667_1264_8.png,PAT_667,BCC,기저세포암,표피낭종,0,0.261118
PAT_143_213_489.png,PAT_143,BCC,기저세포암,사마귀,0,0.071004
PAT_914_1732_136.png,PAT_914,ACK,광선각화증,악성흑색종,0,0.668899
PAT_1418_1449_580.png,PAT_1418,ACK,광선각화증,악성흑색종,0,0.559246
PAT_622_1185_922.png,PAT_622,MEL,악성흑색종,악성흑색종,1,0.997781
PAT_442_863_795.png,PAT_442,BCC,기저세포암,피지샘증식증,0,0.035986
PAT_665_1260_16.png,PAT_665,NEV,멜라닌세포모반,멜라닌세포모반,1,0.243370
PAT_1031_148_66.png,PAT_1031,ACK,광선각화증,멜라닌세포모반,0,0.146342
PAT_1452_1564_509.png,PAT_1452,ACK,광선각화증,광선각화증,1,0.205574
PAT_1280_972_605.png,PAT_1280,ACK,광선각화증,악성흑색종,0,0.986007
PAT_738_1397_195.png,PAT_738,BCC,기저세포암,표피낭종,0,0.040609
PAT_747_1408_965.png,PAT_747,BCC,기저세포암,피부섬유종,0,0.155365
PAT_1514_1760_35.png,PAT_1514,NEV,멜라닌세포모반,악성흑색종,0,0.891847
PAT_760_1456_878.png,PAT_760,BCC,기저세포암,악성흑색종,0,0.542358
PAT_2128_4676_965.png,PAT_2128,ACK,광선각화증,피지샘증식증,0,0.206335
PAT_243_372_640.png,PAT_243,BCC,기저세포암,악성흑색종,0,0.356731
PAT_727_1373_718.png,PAT_727,BCC,기저세포암,표피낭종,0,0.213695
PAT_135_202_105.png,PAT_135,BCC,기저세포암,악성흑색종,0,0.471191
PAT_899_1702_32.png,PAT_899,BCC,기저세포암,표피낭종,0,0.318366
PAT_2068_4424_995.png,PAT_2068,ACK,광선각화증,광선각화증,1,0.009192
PAT_330_1437_506.png,PAT_330,BCC,기저세포암,광선각화증,0,0.010196
PAT_2046_4323_394.png,PAT_2046,SEK,지루각화증,악성흑색종,0,0.999982
PAT_824_1560_801.png,PAT_824,SCC,편평세포암,피지샘증식증,0,0.008016
PAT_378_769_36.png,PAT_378,BCC,기저세포암,편평세포암,0,0.978628
PAT_251_382_240.png,PAT_251,BCC,기저세포암,표피낭종,0,0.290585
PAT_388_1590_169.png,PAT_388,BCC,기저세포암,악성흑색종,0,0.944168
PAT_159_244_102.png,PAT_159,BCC,기저세포암,광선각화증,0,0.005126
PAT_482_924_134.png,PAT_482,SCC,편평세포암,악성흑색종,0,0.586285
PAT_874_1671_938.png,PAT_874,BCC,기저세포암,악성흑색종,0,0.998479
PAT_1008_59_297.png,PAT_1008,SEK,지루각화증,악성흑색종,0,0.935793
PAT_265_407_137.png,PAT_265,BCC,기저세포암,악성흑색종,0,0.576468
PAT_265_1371_303.png,PAT_265,SEK,지루각화증,악성흑색종,0,0.665816
PAT_1451_1560_616.png,PAT_1451,NEV,멜라닌세포모반,멜라닌세포모반,1,0.155828
PAT_752_1426_714.png,PAT_752,BCC,기저세포암,광선각화증,0,0.037041
PAT_202_307_927.png,PAT_202,BCC,기저세포암,표피낭종,0,0.058310
PAT_53_81_194.png,PAT_53,BCC,기저세포암,표피낭종,0,0.241277
PAT_1313_1105_284.png,PAT_1313,ACK,광선각화증,악성흑색종,0,0.993526
PAT_609_1159_942.png,PAT_609,BCC,기저세포암,표피낭종,0,0.005931
PAT_507_954_812.png,PAT_507,BCC,기저세포암,악성흑색종,0,0.940081
PAT_1418_1447_334.png,PAT_1418,SEK,지루각화증,멜라닌세포모반,0,0.005092
PAT_1393_1354_535.png,PAT_1393,ACK,광선각화증,악성흑색종,0,0.830295
PAT_656_1246_483.png,PAT_656,MEL,악성흑색종,악성흑색종,1,0.999425
PAT_264_1368_868.png,PAT_264,BCC,기저세포암,악성흑색종,0,0.993005
PAT_567_1076_545.png,PAT_567,BCC,기저세포암,광선각화증,0,0.407113
PAT_2113_4607_329.png,PAT_2113,SEK,지루각화증,악성흑색종,0,0.500357
PAT_668_1259_681.png,PAT_668,BCC,기저세포암,표피낭종,0,0.057667
PAT_186_286_109.png,PAT_186,ACK,광선각화증,표피낭종,0,0.024477
PAT_212_326_597.png,PAT_212,BCC,기저세포암,악성흑색종,0,0.919127
PAT_48_74_309.png,PAT_48,SCC,편평세포암,악성흑색종,0,0.867763
PAT_290_445_988.png,PAT_290,BCC,기저세포암,악성흑색종,0,0.747381
PAT_751_1497_215.png,PAT_751,SCC,편평세포암,악성흑색종,0,0.498571
PAT_422_837_683.png,PAT_422,BCC,기저세포암,편평세포암,0,0.983531
PAT_682_1292_978.png,PAT_682,BCC,기저세포암,화농 육아종,0,0.083023
PAT_2124_4650_575.png,PAT_2124,ACK,광선각화증,악성흑색종,0,0.636777
PAT_1344_1222_456.png,PAT_1344,NEV,멜라닌세포모반,표피낭종,0,0.057936
PAT_1105_420_520.png,PAT_1105,SEK,지루각화증,악성흑색종,0,0.877620
PAT_516_966_57.png,PAT_516,BCC,기저세포암,악성흑색종,0,0.843943
PAT_1543_4346_860.png,PAT_1543,ACK,광선각화증,피지샘증식증,0,0.064885
PAT_519_979_104.png,PAT_519,BCC,기저세포암,악성흑색종,0,0.999807
PAT_1335_1181_21.png,PAT_1335,NEV,멜라닌세포모반,멜라닌세포모반,1,0.020399
PAT_1907_3801_88.png,PAT_1907,NEV,멜라닌세포모반,악성흑색종,0,0.895806
PAT_680_1289_585.png,PAT_680,MEL,악성흑색종,악성흑색종,1,0.994508
PAT_738_1552_843.png,PAT_738,SEK,지루각화증,흑색점,0,0.166718
PAT_270_1384_995.png,PAT_270,ACK,광선각화증,피지샘증식증,0,0.057286
PAT_307_1458_363.png,PAT_307,ACK,광선각화증,악성흑색종,0,0.563725
PAT_1402_1376_160.png,PAT_1402,ACK,광선각화증,악성흑색종,0,0.622344
PAT_639_3676_760.png,PAT_639,ACK,광선각화증,악성흑색종,0,0.881137
PAT_1063_268_704.png,PAT_1063,ACK,광선각화증,멜라닌세포모반,0,0.329859
PAT_554_1051_301.png,PAT_554,BCC,기저세포암,편평세포암,0,0.899583
PAT_123_187_164.png,PAT_123,BCC,기저세포암,사마귀,0,0.270156
PAT_1127_496_945.png,PAT_1127,ACK,광선각화증,비립종,0,0.137376
PAT_420_834_948.png,PAT_420,ACK,광선각화증,사마귀,0,0.019331
PAT_583_1112_886.png,PAT_583,BCC,기저세포암,피지샘증식증,0,0.000563
PAT_384_782_292.png,PAT_384,ACK,광선각화증,악성흑색종,0,0.536626
PAT_741_1400_780.png,PAT_741,BCC,기저세포암,광선각화증,0,0.270076
PAT_948_1800_310.png,PAT_948,BCC,기저세포암,악성흑색종,0,0.969203
PAT_1278_967_599.png,PAT_1278,ACK,광선각화증,악성흑색종,0,0.981314
PAT_300_1478_445.png,PAT_300,ACK,광선각화증,악성흑색종,0,0.874129
PAT_570_1084_939.png,PAT_570,SCC,편평세포암,악성흑색종,0,0.732183
PAT_138_206_507.png,PAT_138,BCC,기저세포암,악성흑색종,0,0.999430
PAT_1441_1531_670.png,PAT_1441,ACK,광선각화증,광선각화증,1,0.320489
PAT_1128_497_29.png,PAT_1128,ACK,광선각화증,악성흑색종,0,0.233404
PAT_437_857_425.png,PAT_437,ACK,광선각화증,악성흑색종,0,0.878358
PAT_698_1150_510.png,PAT_698,ACK,광선각화증,악성흑색종,0,0.999957
PAT_1427_1485_15.png,PAT_1427,ACK,광선각화증,악성흑색종,0,0.996042
PAT_520_983_221.png,PAT_520,BCC,기저세포암,악성흑색종,0,0.771909
PAT_406_809_581.png,PAT_406,BCC,기저세포암,표피낭종,0,0.166110
PAT_778_1471_911.png,PAT_778,BCC,기저세포암,악성흑색종,0,0.536897
PAT_514_968_269.png,PAT_514,BCC,기저세포암,악성흑색종,0,0.999320
PAT_2151_4779_515.png,PAT_2151,SEK,지루각화증,악성흑색종,0,0.530217
PAT_1546_1872_824.png,PAT_1546,ACK,광선각화증,악성흑색종,0,0.516281
PAT_361_1567_487.png,PAT_361,BCC,기저세포암,악성흑색종,0,0.999997
PAT_194_298_367.png,PAT_194,SEK,지루각화증,멜라닌세포모반,0,0.058239
PAT_260_400_842.png,PAT_260,ACK,광선각화증,악성흑색종,0,0.516944
PAT_345_719_815.png,PAT_345,NEV,멜라닌세포모반,멜라닌세포모반,1,0.038164
PAT_737_1394_936.png,PAT_737,BCC,기저세포암,광선각화증,0,0.041127
PAT_244_374_726.png,PAT_244,NEV,멜라닌세포모반,멜라닌세포모반,1,0.079904
PAT_1451_1561_100.png,PAT_1451,NEV,멜라닌세포모반,멜라닌세포모반,1,0.047262
PAT_1066_281_99.png,PAT_1066,ACK,광선각화증,악성흑색종,0,0.519323
PAT_612_1163_833.png,PAT_612,SCC,편평세포암,표피낭종,0,0.196507
PAT_1172_622_420.png,PAT_1172,ACK,광선각화증,멜라닌세포모반,0,0.179690
PAT_63_98_127.png,PAT_63,BCC,기저세포암,피지샘증식증,0,0.018023
PAT_877_1667_667.png,PAT_877,BCC,기저세포암,악성흑색종,0,0.499965
PAT_1306_1086_762.png,PAT_1306,SEK,지루각화증,악성흑색종,0,0.998936
PAT_1484_1682_240.png,PAT_1484,NEV,멜라닌세포모반,멜라닌세포모반,1,0.446937
PAT_945_1796_583.png,PAT_945,SCC,편평세포암,사마귀,0,0.030789
PAT_240_366_768.png,PAT_240,SCC,편평세포암,악성흑색종,0,0.930552
PAT_87_133_810.png,PAT_87,SEK,지루각화증,악성흑색종,0,0.974859
PAT_1100_402_375.png,PAT_1100,SEK,지루각화증,악성흑색종,0,0.953188
PAT_1844_3618_373.png,PAT_1844,SEK,지루각화증,악성흑색종,0,0.941557
PAT_536_3227_442.png,PAT_536,ACK,광선각화증,악성흑색종,0,0.815407
PAT_368_2427_803.png,PAT_368,ACK,광선각화증,악성흑색종,0,0.891467
PAT_1960_3957_864.png,PAT_1960,NEV,멜라닌세포모반,멜라닌세포모반,1,0.087580
PAT_300_647_501.png,PAT_300,BCC,기저세포암,표피낭종,0,0.024675
PAT_242_369_337.png,PAT_242,BCC,기저세포암,악성흑색종,0,0.320472
PAT_780_1473_791.png,PAT_780,SCC,편평세포암,표피낭종,0,0.078025
PAT_58_91_143.png,PAT_58,BCC,기저세포암,사마귀,0,0.128909
PAT_320_681_724.png,PAT_320,MEL,악성흑색종,멜라닌세포모반,0,0.027384
PAT_368_1652_525.png,PAT_368,BCC,기저세포암,악성흑색종,0,0.767820
PAT_152_230_707.png,PAT_152,BCC,기저세포암,사마귀,0,0.052363
PAT_108_161_575.png,PAT_108,SCC,편평세포암,악성흑색종,0,0.953787
PAT_1754_3308_783.png,PAT_1754,NEV,멜라닌세포모반,흑색점,0,0.058512
PAT_1071_314_500.png,PAT_1071,ACK,광선각화증,멜라닌세포모반,0,0.381019
PAT_573_1090_660.png,PAT_573,BCC,기저세포암,표피낭종,0,0.303122
PAT_753_1427_496.png,PAT_753,ACK,광선각화증,흑색점,0,0.478879
PAT_988_1858_944.png,PAT_988,BCC,기저세포암,악성흑색종,0,0.932309
PAT_1624_2807_679.png,PAT_1624,NEV,멜라닌세포모반,멜라닌세포모반,1,0.047928
PAT_1264_907_674.png,PAT_1264,NEV,멜라닌세포모반,멜라닌세포모반,1,0.084978
PAT_1882_3718_982.png,PAT_1882,SEK,지루각화증,악성흑색종,0,0.976069
PAT_1300_1056_532.png,PAT_1300,ACK,광선각화증,악성흑색종,0,0.591219
PAT_897_1704_988.png,PAT_897,NEV,멜라닌세포모반,악성흑색종,0,0.489592
PAT_72_110_944.png,PAT_72,NEV,멜라닌세포모반,멜라닌세포모반,1,0.055942
PAT_1396_1360_4.png,PAT_1396,SEK,지루각화증,지루각화증,1,0.154573
PAT_321_682_236.png,PAT_321,SCC,편평세포암,표피낭종,0,0.018894
PAT_1259_892_793.png,PAT_1259,ACK,광선각화증,악성흑색종,0,0.962434
PAT_200_304_139.png,PAT_200,BCC,기저세포암,악성흑색종,0,0.999702
PAT_601_1147_889.png,PAT_601,BCC,기저세포암,악성흑색종,0,0.989148
PAT_1950_3932_655.png,PAT_1950,ACK,광선각화증,악성흑색종,0,0.999418
PAT_934_1777_423.png,PAT_934,ACK,광선각화증,피지샘증식증,0,0.149631
PAT_898_1706_496.png,PAT_898,NEV,멜라닌세포모반,악성흑색종,0,0.638881
PAT_1631_2837_667.png,PAT_1631,ACK,광선각화증,악성흑색종,0,0.291260
PAT_1267_912_371.png,PAT_1267,ACK,광선각화증,악성흑색종,0,0.883002
PAT_616_1169_3.png,PAT_616,SEK,지루각화증,멜라닌세포모반,0,0.001572
PAT_1582_2574_905.png,PAT_1582,SEK,지루각화증,악성흑색종,0,0.999719
PAT_324_1464_266.png,PAT_324,BCC,기저세포암,광선각화증,0,0.045758
PAT_1064_273_980.png,PAT_1064,ACK,광선각화증,표피낭종,0,0.032919
PAT_313_669_935.png,PAT_313,BCC,기저세포암,악성흑색종,0,0.754791
PAT_729_1382_390.png,PAT_729,BCC,기저세포암,악성흑색종,0,0.938791
PAT_245_376_197.png,PAT_245,BCC,기저세포암,표피낭종,0,0.169267
PAT_1158_570_376.png,PAT_1158,ACK,광선각화증,악성흑색종,0,0.260700
PAT_115_177_622.png,PAT_115,BCC,기저세포암,표피낭종,0,0.055059
PAT_544_1028_226.png,PAT_544,BCC,기저세포암,표피낭종,0,0.005868
PAT_1708_3157_518.png,PAT_1708,SEK,지루각화증,악성흑색종,0,0.999996
PAT_53_82_657.png,PAT_53,BCC,기저세포암,악성흑색종,0,0.532674
PAT_1547_1875_436.png,PAT_1547,ACK,광선각화증,악성흑색종,0,0.407481
PAT_611_1158_156.png,PAT_611,MEL,악성흑색종,악성흑색종,1,0.992228
PAT_185_285_97.png,PAT_185,BCC,기저세포암,표피낭종,0,0.009591
PAT_267_1258_693.png,PAT_267,SEK,지루각화증,악성흑색종,0,0.939558
PAT_112_171_863.png,PAT_112,BCC,기저세포암,악성흑색종,0,0.994441
PAT_1480_1673_701.png,PAT_1480,SEK,지루각화증,악성흑색종,0,0.972429
PAT_1494_1707_125.png,PAT_1494,SEK,지루각화증,악성흑색종,0,0.999992
PAT_1527_1794_662.png,PAT_1527,SEK,지루각화증,악성흑색종,0,0.502197
PAT_1946_3924_627.png,PAT_1946,SEK,지루각화증,멜라닌세포모반,0,0.017240
PAT_522_3174_761.png,PAT_522,ACK,광선각화증,표피낭종,0,0.156860
PAT_2162_4820_913.png,PAT_2162,NEV,멜라닌세포모반,멜라닌세포모반,1,0.042538
PAT_229_349_256.png,PAT_229,BCC,기저세포암,피지샘증식증,0,0.414412
PAT_338_710_93.png,PAT_338,SCC,편평세포암,사마귀,0,0.010765
PAT_830_1564_54.png,PAT_830,BCC,기저세포암,표피낭종,0,0.176995
PAT_1374_1286_494.png,PAT_1374,ACK,광선각화증,악성흑색종,0,0.920522
PAT_1572_2496_418.png,PAT_1572,ACK,광선각화증,악성흑색종,0,0.708704
PAT_1404_1393_369.png,PAT_1404,SEK,지루각화증,악성흑색종,0,0.855520
PAT_707_1327_245.png,PAT_707,ACK,광선각화증,표피낭종,0,0.171119
PAT_639_1208_986.png,PAT_639,BCC,기저세포암,피지샘증식증,0,0.063551
PAT_271_418_92.png,PAT_271,SCC,편평세포암,편평세포암,1,0.898362
PAT_1376_1297_686.png,PAT_1376,ACK,광선각화증,악성흑색종,0,0.597085
PAT_566_178_625.png,PAT_566,ACK,광선각화증,악성흑색종,0,0.606138
PAT_309_662_76.png,PAT_309,BCC,기저세포암,악성흑색종,0,0.898756
PAT_1749_3288_409.png,PAT_1749,ACK,광선각화증,악성흑색종,0,0.270839
PAT_572_1086_130.png,PAT_572,BCC,기저세포암,악성흑색종,0,0.997787
PAT_459_892_804.png,PAT_459,BCC,기저세포암,기저세포암,1,0.623882
PAT_386_1554_280.png,PAT_386,BCC,기저세포암,악성흑색종,0,0.350304
PAT_330_697_575.png,PAT_330,BCC,기저세포암,악성흑색종,0,0.399721
PAT_2160_4814_243.png,PAT_2160,ACK,광선각화증,악성흑색종,0,0.933969
PAT_2036_4281_271.png,PAT_2036,ACK,광선각화증,악성흑색종,0,0.929887
PAT_1918_3837_15.png,PAT_1918,ACK,광선각화증,악성흑색종,0,0.900759
PAT_262_402_14.png,PAT_262,MEL,악성흑색종,악성흑색종,1,0.999398
PAT_1075_324_177.png,PAT_1075,SEK,지루각화증,악성흑색종,0,0.993173
PAT_388_1592_850.png,PAT_388,BCC,기저세포암,표피낭종,0,0.001447
PAT_918_1742_629.png,PAT_918,BCC,기저세포암,편평세포암,0,0.996303
PAT_888_1685_268.png,PAT_888,SCC,편평세포암,사마귀,0,0.001248
PAT_1866_3659_398.png,PAT_1866,ACK,광선각화증,악성흑색종,0,0.398018
PAT_460_893_883.png,PAT_460,BCC,기저세포암,편평세포암,0,0.735578
PAT_304_653_446.png,PAT_304,SCC,편평세포암,사마귀,0,0.010910
PAT_851_1623_506.png,PAT_851,ACK,광선각화증,광선각화증,1,0.223339
PAT_359_741_973.png,PAT_359,SCC,편평세포암,표피낭종,0,0.017707
PAT_1754_3306_816.png,PAT_1754,NEV,멜라닌세포모반,표피낭종,0,0.005321
PAT_766_1670_458.png,PAT_766,ACK,광선각화증,악성흑색종,0,0.996142
PAT_281_432_813.png,PAT_281,BCC,기저세포암,표피낭종,0,0.001705
PAT_20_29_850.png,PAT_20,BCC,기저세포암,악성흑색종,0,0.918460
PAT_479_917_41.png,PAT_479,BCC,기저세포암,광선각화증,0,0.002954
PAT_904_1739_546.png,PAT_904,ACK,광선각화증,악성흑색종,0,0.999870
PAT_1620_2779_319.png,PAT_1620,ACK,광선각화증,악성흑색종,0,0.366520
PAT_206_312_595.png,PAT_206,BCC,기저세포암,악성흑색종,0,0.684699
PAT_290_445_686.png,PAT_290,BCC,기저세포암,악성흑색종,0,0.960772
PAT_698_1150_881.png,PAT_698,ACK,광선각화증,흑색점,0,0.182626
PAT_154_237_2.png,PAT_154,BCC,기저세포암,악성흑색종,0,0.846545
PAT_523_988_851.png,PAT_523,BCC,기저세포암,흑색점,0,0.166708
PAT_70_107_591.png,PAT_70,MEL,악성흑색종,악성흑색종,1,0.996346
PAT_155_238_413.png,PAT_155,ACK,광선각화증,악성흑색종,0,0.511955
PAT_2109_4598_112.png,PAT_2109,SEK,지루각화증,악성흑색종,0,0.996317
PAT_892_1691_881.png,PAT_892,NEV,멜라닌세포모반,악성흑색종,0,0.560510
PAT_135_202_695.png,PAT_135,BCC,기저세포암,악성흑색종,0,0.979853
PAT_311_667_416.png,PAT_311,BCC,기저세포암,표피낭종,0,0.002105
PAT_147_219_206.png,PAT_147,BCC,기저세포암,편평세포암,0,0.611582
PAT_885_1687_823.png,PAT_885,BCC,기저세포암,사마귀,0,0.007044
PAT_1942_3918_497.png,PAT_1942,SEK,지루각화증,악성흑색종,0,0.406924
PAT_734_1390_631.png,PAT_734,BCC,기저세포암,표피낭종,0,0.102368
PAT_10_18_830.png,PAT_10,SCC,편평세포암,표피낭종,0,0.001971
PAT_877_4672_612.png,PAT_877,ACK,광선각화증,광선각화증,1,0.217001
PAT_1026_124_346.png,PAT_1026,ACK,광선각화증,악성흑색종,0,0.919597
PAT_728_1381_63.png,PAT_728,BCC,기저세포암,악성흑색종,0,0.718494
PAT_271_418_14.png,PAT_271,SCC,편평세포암,사마귀,0,0.227603
PAT_208_314_741.png,PAT_208,BCC,기저세포암,표피낭종,0,0.269488
PAT_2097_4557_241.png,PAT_2097,NEV,멜라닌세포모반,악성흑색종,0,0.700412
PAT_420_834_450.png,PAT_420,ACK,광선각화증,사마귀,0,0.040831
PAT_1277_964_77.png,PAT_1277,ACK,광선각화증,악성흑색종,0,0.837215
PAT_505_3200_856.png,PAT_505,ACK,광선각화증,피지샘증식증,0,0.001724
PAT_826_1615_908.png,PAT_826,BCC,기저세포암,악성흑색종,0,0.753105
PAT_998_17_641.png,PAT_998,SEK,지루각화증,악성흑색종,0,0.826353
PAT_809_1527_902.png,PAT_809,SCC,편평세포암,악성흑색종,0,0.989671
PAT_205_311_255.png,PAT_205,NEV,멜라닌세포모반,피지샘증식증,0,0.024791
PAT_1568_2454_468.png,PAT_1568,NEV,멜라닌세포모반,멜라닌세포모반,1,0.153977
PAT_85_129_980.png,PAT_85,ACK,광선각화증,멜라닌세포모반,0,0.173905
PAT_1722_3214_672.png,PAT_1722,ACK,광선각화증,표피낭종,0,0.122118
PAT_837_1584_745.png,PAT_837,BCC,기저세포암,악성흑색종,0,0.309831
PAT_1021_112_40.png,PAT_1021,ACK,광선각화증,악성흑색종,0,0.845593
PAT_363_745_516.png,PAT_363,BCC,기저세포암,피지샘증식증,0,0.147335
PAT_178_276_465.png,PAT_178,BCC,기저세포암,피지샘증식증,0,0.000819
PAT_2142_4733_13.png,PAT_2142,NEV,멜라닌세포모반,악성흑색종,0,0.931850
PAT_1582_2574_989.png,PAT_1582,SEK,지루각화증,악성흑색종,0,0.999980
PAT_563_1070_63.png,PAT_563,BCC,기저세포암,악성흑색종,0,0.997635
PAT_423_839_596.png,PAT_423,BCC,기저세포암,악성흑색종,0,0.680433
PAT_1064_272_668.png,PAT_1064,SEK,지루각화증,악성흑색종,0,0.741819
PAT_742_1470_425.png,PAT_742,ACK,광선각화증,악성흑색종,0,0.992729
PAT_1071_312_841.png,PAT_1071,SEK,지루각화증,악성흑색종,0,0.984788
PAT_433_2650_417.png,PAT_433,NEV,멜라닌세포모반,멜라닌세포모반,1,0.447075
PAT_980_1851_351.png,PAT_980,BCC,기저세포암,악성흑색종,0,0.999935
PAT_513_964_447.png,PAT_513,BCC,기저세포암,표피낭종,0,0.044374
PAT_233_986_663.png,PAT_233,ACK,광선각화증,악성흑색종,0,0.999758
PAT_1707_3146_743.png,PAT_1707,ACK,광선각화증,표피낭종,0,0.025394
PAT_262_402_265.png,PAT_262,MEL,악성흑색종,악성흑색종,1,0.999896
PAT_718_1358_919.png,PAT_718,BCC,기저세포암,표피낭종,0,0.135535
PAT_758_1441_891.png,PAT_758,BCC,기저세포암,사마귀,0,0.293002
PAT_1244_840_975.png,PAT_1244,ACK,광선각화증,사마귀,0,0.122656
PAT_1174_628_915.png,PAT_1174,ACK,광선각화증,악성흑색종,0,0.389442
PAT_46_881_14.png,PAT_46,BCC,기저세포암,표피낭종,0,0.119277
PAT_1306_1086_124.png,PAT_1306,SEK,지루각화증,악성흑색종,0,0.989195
PAT_83_126_513.png,PAT_83,BCC,기저세포암,악성흑색종,0,0.999446
PAT_994_1866_730.png,PAT_994,BCC,기저세포암,표피낭종,0,0.002897
PAT_132_198_114.png,PAT_132,BCC,기저세포암,악성흑색종,0,0.454393
PAT_737_1394_308.png,PAT_737,BCC,기저세포암,사마귀,0,0.001668
PAT_45_65_551.png,PAT_45,ACK,광선각화증,악성흑색종,0,0.959548
PAT_1715_3184_989.png,PAT_1715,SEK,지루각화증,악성흑색종,0,0.430290
PAT_141_209_438.png,PAT_141,BCC,기저세포암,악성흑색종,0,0.443932
PAT_964_1821_83.png,PAT_964,BCC,기저세포암,사마귀,0,0.017833
PAT_489_932_138.png,PAT_489,BCC,기저세포암,악성흑색종,0,0.998938
PAT_1022_114_756.png,PAT_1022,ACK,광선각화증,악성흑색종,0,0.183680
PAT_815_1534_411.png,PAT_815,BCC,기저세포암,표피낭종,0,0.006338
PAT_547_1033_445.png,PAT_547,BCC,기저세포암,표피낭종,0,0.058979
PAT_1913_3816_335.png,PAT_1913,ACK,광선각화증,악성흑색종,0,0.492597
PAT_1063_270_593.png,PAT_1063,ACK,광선각화증,악성흑색종,0,0.468954
PAT_319_678_357.png,PAT_319,BCC,기저세포암,사마귀,0,0.236203
PAT_1822_3576_145.png,PAT_1822,ACK,광선각화증,악성흑색종,0,0.562680
PAT_978_1844_599.png,PAT_978,SCC,편평세포암,악성흑색종,0,0.971764
PAT_1614_2747_533.png,PAT_1614,NEV,멜라닌세포모반,악성흑색종,0,0.937625
PAT_191_293_391.png,PAT_191,BCC,기저세포암,악성흑색종,0,0.975296
PAT_1427_1485_119.png,PAT_1427,ACK,광선각화증,악성흑색종,0,0.970120
PAT_272_420_25.png,PAT_272,BCC,기저세포암,사마귀,0,0.077846
PAT_1673_3011_440.png,PAT_1673,ACK,광선각화증,광선각화증,1,0.124133
PAT_154_236_800.png,PAT_154,BCC,기저세포암,광선각화증,0,0.483792
PAT_1453_1565_529.png,PAT_1453,SEK,지루각화증,멜라닌세포모반,0,0.143903
PAT_114_173_213.png,PAT_114,BCC,기저세포암,악성흑색종,0,0.985734
PAT_441_861_542.png,PAT_441,BCC,기저세포암,악성흑색종,0,0.624497
PAT_1899_3779_475.png,PAT_1899,ACK,광선각화증,악성흑색종,0,0.977961
PAT_120_183_623.png,PAT_120,BCC,기저세포암,사마귀,0,0.003055
PAT_228_348_2.png,PAT_228,BCC,기저세포암,악성흑색종,0,0.999972
PAT_275_424_966.png,PAT_275,BCC,기저세포암,광선각화증,0,0.042303
PAT_711_1334_344.png,PAT_711,BCC,기저세포암,악성흑색종,0,0.986344
PAT_62_97_868.png,PAT_62,BCC,기저세포암,피지샘증식증,0,0.482535
PAT_9_17_80.png,PAT_9,ACK,광선각화증,광선각화증,1,0.162803
PAT_1190_700_663.png,PAT_1190,SEK,지루각화증,악성흑색종,0,0.999870
PAT_328_692_681.png,PAT_328,BCC,기저세포암,편평세포암,0,0.998803
PAT_59_46_537.png,PAT_59,SEK,지루각화증,악성흑색종,0,0.998486
PAT_989_1861_156.png,PAT_989,SCC,편평세포암,표피낭종,0,0.285520
PAT_1482_1677_382.png,PAT_1482,ACK,광선각화증,악성흑색종,0,0.994536
PAT_1753_3305_385.png,PAT_1753,NEV,멜라닌세포모반,멜라닌세포모반,1,0.036733
PAT_971_1847_99.png,PAT_971,ACK,광선각화증,악성흑색종,0,0.854715
PAT_618_1174_596.png,PAT_618,BCC,기저세포암,표피낭종,0,0.023781
PAT_1814_3564_609.png,PAT_1814,ACK,광선각화증,악성흑색종,0,0.999254
PAT_1309_1096_393.png,PAT_1309,ACK,광선각화증,피지샘증식증,0,0.351072
PAT_341_715_180.png,PAT_341,NEV,멜라닌세포모반,멜라닌세포모반,1,0.010849
PAT_1586_2623_989.png,PAT_1586,ACK,광선각화증,광선각화증,1,0.202602
PAT_312_668_480.png,PAT_312,BCC,기저세포암,악성흑색종,0,0.871088
PAT_799_1515_723.png,PAT_799,ACK,광선각화증,악성흑색종,0,0.441269
PAT_1331_1173_380.png,PAT_1331,NEV,멜라닌세포모반,멜라닌세포모반,1,0.001580
PAT_1371_1278_533.png,PAT_1371,SEK,지루각화증,악성흑색종,0,0.447156
PAT_1498_1719_816.png,PAT_1498,ACK,광선각화증,악성흑색종,0,0.984429
PAT_1648_2902_292.png,PAT_1648,NEV,멜라닌세포모반,멜라닌세포모반,1,0.479548
PAT_1881_3713_718.png,PAT_1881,ACK,광선각화증,악성흑색종,0,0.314165
PAT_796_1510_361.png,PAT_796,BCC,기저세포암,악성흑색종,0,0.998820
PAT_230_350_872.png,PAT_230,ACK,광선각화증,악성흑색종,0,0.416186
PAT_158_243_947.png,PAT_158,BCC,기저세포암,표피낭종,0,0.030199
PAT_1418_1448_307.png,PAT_1418,SEK,지루각화증,악성흑색종,0,0.983401
PAT_872_1708_841.png,PAT_872,ACK,광선각화증,악성흑색종,0,0.957849
PAT_1102_408_613.png,PAT_1102,ACK,광선각화증,멜라닌세포모반,0,0.096664
PAT_180_756_831.png,PAT_180,ACK,광선각화증,악성흑색종,0,0.836959
PAT_478_1829_281.png,PAT_478,BCC,기저세포암,표피낭종,0,0.020494
PAT_1374_1286_775.png,PAT_1374,ACK,광선각화증,악성흑색종,0,0.914096
PAT_1584_2610_223.png,PAT_1584,ACK,광선각화증,광선각화증,1,0.044433
PAT_1000_31_620.png,PAT_1000,SEK,지루각화증,악성흑색종,0,0.999944
PAT_683_1297_839.png,PAT_683,BCC,기저세포암,피지샘증식증,0,0.053460
PAT_1731_3237_919.png,PAT_1731,NEV,멜라닌세포모반,멜라닌세포모반,1,0.038872
PAT_267_411_513.png,PAT_267,BCC,기저세포암,표피낭종,0,0.039358
PAT_101_1041_658.png,PAT_101,BCC,기저세포암,악성흑색종,0,0.999445
PAT_1633_2855_594.png,PAT_1633,ACK,광선각화증,표피낭종,0,0.063200
PAT_1765_3337_365.png,PAT_1765,SEK,지루각화증,사마귀,0,0.325533
PAT_1721_3219_130.png,PAT_1721,SEK,지루각화증,악성흑색종,0,0.999802
PAT_1468_3656_337.png,PAT_1468,ACK,광선각화증,악성흑색종,0,0.771212
PAT_1092_378_922.png,PAT_1092,ACK,광선각화증,악성흑색종,0,0.688259
PAT_561_1068_909.png,PAT_561,BCC,기저세포암,편평세포암,0,0.994477
PAT_380_1540_432.png,PAT_380,SCC,편평세포암,광선각화증,0,0.022167
PAT_91_354_332.png,PAT_91,ACK,광선각화증,악성흑색종,0,0.766134
PAT_164_255_130.png,PAT_164,SCC,편평세포암,광선각화증,0,0.119309
PAT_302_650_477.png,PAT_302,SCC,편평세포암,사마귀,0,0.338759
PAT_177_274_371.png,PAT_177,BCC,기저세포암,표피낭종,0,0.006451
PAT_874_1671_176.png,PAT_874,BCC,기저세포암,편평세포암,0,0.795338
PAT_274_423_374.png,PAT_274,BCC,기저세포암,피지샘증식증,0,0.364513
PAT_727_1373_776.png,PAT_727,BCC,기저세포암,광선각화증,0,0.087882
PAT_933_1766_191.png,PAT_933,SCC,편평세포암,표피낭종,0,0.035122
PAT_1554_2393_541.png,PAT_1554,SEK,지루각화증,악성흑색종,0,0.798088
PAT_1317_1130_656.png,PAT_1317,ACK,광선각화증,악성흑색종,0,0.999365
PAT_615_1168_968.png,PAT_615,NEV,멜라닌세포모반,멜라닌세포모반,1,0.114547
PAT_406_1542_301.png,PAT_406,BCC,기저세포암,광선각화증,0,0.041549
PAT_976_1837_503.png,PAT_976,BCC,기저세포암,악성흑색종,0,0.959338
PAT_677_1348_51.png,PAT_677,BCC,기저세포암,사마귀,0,0.018907
PAT_296_640_206.png,PAT_296,SCC,편평세포암,사마귀,0,0.173750
PAT_794_1507_723.png,PAT_794,BCC,기저세포암,악성흑색종,0,0.289824
PAT_91_356_273.png,PAT_91,ACK,광선각화증,악성흑색종,0,0.992455
PAT_2018_4167_11.png,PAT_2018,ACK,광선각화증,표피낭종,0,0.104702
PAT_237_363_344.png,PAT_237,BCC,기저세포암,표피낭종,0,0.020985
PAT_858_1632_977.png,PAT_858,BCC,기저세포암,악성흑색종,0,0.612325
PAT_1299_1055_591.png,PAT_1299,ACK,광선각화증,표피낭종,0,0.063196
PAT_306_658_825.png,PAT_306,BCC,기저세포암,악성흑색종,0,0.993602
PAT_104_1755_320.png,PAT_104,ACK,광선각화증,악성흑색종,0,0.573391
PAT_55_85_884.png,PAT_55,BCC,기저세포암,악성흑색종,0,0.761779
PAT_1247_852_178.png,PAT_1247,ACK,광선각화증,악성흑색종,0,0.553373
PAT_342_716_845.png,PAT_342,BCC,기저세포암,피지샘증식증,0,0.002608
PAT_41_57_2.png,PAT_41,BCC,기저세포암,악성흑색종,0,0.998731
PAT_168_261_38.png,PAT_168,BCC,기저세포암,기저세포암,1,0.535715
PAT_1596_2664_323.png,PAT_1596,ACK,광선각화증,악성흑색종,0,0.879073
PAT_946_1809_687.png,PAT_946,BCC,기저세포암,피지샘증식증,0,0.053896
PAT_2115_4613_260.png,PAT_2115,ACK,광선각화증,표피낭종,0,0.357980
PAT_1784_3416_507.png,PAT_1784,NEV,멜라닌세포모반,표피낭종,0,0.000651
PAT_460_894_401.png,PAT_460,BCC,기저세포암,편평세포암,0,0.966566
PAT_1783_3413_850.png,PAT_1783,SEK,지루각화증,멜라닌세포모반,0,0.067062
PAT_2080_4484_997.png,PAT_2080,NEV,멜라닌세포모반,멜라닌세포모반,1,0.207021
PAT_468_4775_268.png,PAT_468,ACK,광선각화증,악성흑색종,0,0.501130
PAT_308_661_184.png,PAT_308,BCC,기저세포암,악성흑색종,0,0.998470
PAT_145_216_924.png,PAT_145,BCC,기저세포암,악성흑색종,0,0.792166
PAT_891_1701_36.png,PAT_891,SCC,편평세포암,멜라닌세포모반,0,0.046423
PAT_978_1844_715.png,PAT_978,SCC,편평세포암,악성흑색종,0,0.997330
PAT_1940_3901_900.png,PAT_1940,NEV,멜라닌세포모반,악성흑색종,0,0.999907
PAT_1680_3038_587.png,PAT_1680,NEV,멜라닌세포모반,멜라닌세포모반,1,0.111696
PAT_604_1150_336.png,PAT_604,BCC,기저세포암,피지샘증식증,0,0.344383
PAT_1810_3484_347.png,PAT_1810,NEV,멜라닌세포모반,피지샘증식증,0,0.006495
PAT_684_1302_934.png,PAT_684,BCC,기저세포암,광선각화증,0,0.119662
PAT_906_1722_328.png,PAT_906,BCC,기저세포암,악성흑색종,0,0.402835
PAT_541_3303_228.png,PAT_541,ACK,광선각화증,표피낭종,0,0.009290
PAT_325_1506_999.png,PAT_325,ACK,광선각화증,피지샘증식증,0,0.034632
PAT_1443_1536_166.png,PAT_1443,ACK,광선각화증,악성흑색종,0,0.504935
PAT_1594_2656_679.png,PAT_1594,ACK,광선각화증,악성흑색종,0,0.998037
PAT_677_1350_358.png,PAT_677,ACK,광선각화증,악성흑색종,0,0.467866
PAT_217_1291_419.png,PAT_217,BCC,기저세포암,광선각화증,0,0.054320
PAT_567_1077_64.png,PAT_567,BCC,기저세포암,사마귀,0,0.003088
PAT_165_256_460.png,PAT_165,BCC,기저세포암,악성흑색종,0,0.767156
PAT_1222_767_519.png,PAT_1222,ACK,광선각화증,멜라닌세포모반,0,0.267416
PAT_990_1860_636.png,PAT_990,SCC,편평세포암,사마귀,0,0.003539
PAT_1018_107_68.png,PAT_1018,ACK,광선각화증,멜라닌세포모반,0,0.177349
PAT_1869_3663_335.png,PAT_1869,ACK,광선각화증,악성흑색종,0,0.925646
PAT_2046_4323_762.png,PAT_2046,SEK,지루각화증,악성흑색종,0,0.999983
PAT_579_1099_551.png,PAT_579,ACK,광선각화증,표피낭종,0,0.361072
PAT_513_965_496.png,PAT_513,BCC,기저세포암,악성흑색종,0,0.925599
PAT_303_652_943.png,PAT_303,BCC,기저세포암,악성흑색종,0,0.806857
PAT_385_783_22.png,PAT_385,BCC,기저세포암,광선각화증,0,0.287549
PAT_31_42_680.png,PAT_31,BCC,기저세포암,악성흑색종,0,0.998900
PAT_779_1472_741.png,PAT_779,BCC,기저세포암,표피낭종,0,0.035484
PAT_2016_4155_600.png,PAT_2016,SEK,지루각화증,악성흑색종,0,0.825180
PAT_460_893_307.png,PAT_460,BCC,기저세포암,표피낭종,0,0.343984
PAT_380_1540_525.png,PAT_380,SCC,편평세포암,피지샘증식증,0,0.172636
PAT_91_356_74.png,PAT_91,ACK,광선각화증,악성흑색종,0,0.992500
PAT_1798_3455_379.png,PAT_1798,SEK,지루각화증,악성흑색종,0,0.725654
PAT_867_1650_825.png,PAT_867,BCC,기저세포암,멜라닌세포모반,0,0.329120
PAT_503_950_552.png,PAT_503,BCC,기저세포암,편평세포암,0,0.945660
PAT_591_1126_21.png,PAT_591,SCC,편평세포암,표피낭종,0,0.258139
PAT_1572_2494_224.png,PAT_1572,ACK,광선각화증,악성흑색종,0,0.932226
PAT_2056_4364_112.png,PAT_2056,SEK,지루각화증,악성흑색종,0,0.991681
PAT_1538_1830_693.png,PAT_1538,ACK,광선각화증,멜라닌세포모반,0,0.133165
PAT_270_417_728.png,PAT_270,MEL,악성흑색종,악성흑색종,1,0.982961
PAT_1833_3599_827.png,PAT_1833,ACK,광선각화증,악성흑색종,0,0.505672
PAT_714_1337_914.png,PAT_714,SCC,편평세포암,악성흑색종,0,0.968336
PAT_1379_1300_924.png,PAT_1379,NEV,멜라닌세포모반,멜라닌세포모반,1,0.051621
PAT_1151_551_241.png,PAT_1151,ACK,광선각화증,악성흑색종,0,0.941417
PAT_295_639_240.png,PAT_295,BCC,기저세포암,피지샘증식증,0,0.001560
PAT_539_1023_928.png,PAT_539,ACK,광선각화증,사마귀,0,0.004435
PAT_747_1408_742.png,PAT_747,BCC,기저세포암,표피낭종,0,0.114620
PAT_323_686_356.png,PAT_323,BCC,기저세포암,악성흑색종,0,0.998943
PAT_798_1772_469.png,PAT_798,ACK,광선각화증,악성흑색종,0,0.607806
PAT_631_1207_982.png,PAT_631,BCC,기저세포암,피지샘증식증,0,0.257193
PAT_334_703_907.png,PAT_334,BCC,기저세포암,멜라닌세포모반,0,0.013615
PAT_1906_3798_588.png,PAT_1906,ACK,광선각화증,악성흑색종,0,0.875779
PAT_38_53_198.png,PAT_38,BCC,기저세포암,악성흑색종,0,0.992789
PAT_721_1365_819.png,PAT_721,BCC,기저세포암,악성흑색종,0,0.985509
PAT_361_743_82.png,PAT_361,BCC,기저세포암,표피낭종,0,0.032530
PAT_800_1513_509.png,PAT_800,BCC,기저세포암,사마귀,0,0.001348
PAT_333_702_840.png,PAT_333,MEL,악성흑색종,악성흑색종,1,0.986827
PAT_1439_1522_320.png,PAT_1439,SEK,지루각화증,광선각화증,0,0.143306
PAT_915_1738_667.png,PAT_915,BCC,기저세포암,사마귀,0,0.030915
PAT_423_839_717.png,PAT_423,BCC,기저세포암,사마귀,0,0.046875
PAT_91_356_456.png,PAT_91,ACK,광선각화증,악성흑색종,0,0.997634
PAT_837_1583_124.png,PAT_837,BCC,기저세포암,광선각화증,0,0.101966
PAT_38_1002_668.png,PAT_38,BCC,기저세포암,악성흑색종,0,0.741049
PAT_568_1066_235.png,PAT_568,BCC,기저세포암,악성흑색종,0,0.499870
PAT_451_878_634.png,PAT_451,BCC,기저세포암,광선각화증,0,0.108348
PAT_166_257_586.png,PAT_166,BCC,기저세포암,악성흑색종,0,0.757221
PAT_815_1533_460.png,PAT_815,BCC,기저세포암,악성흑색종,0,0.752054
PAT_257_396_494.png,PAT_257,BCC,기저세포암,악성흑색종,0,0.999775
PAT_963_1817_593.png,PAT_963,SCC,편평세포암,광선각화증,0,0.107096
PAT_660_1249_373.png,PAT_660,BCC,기저세포암,피지샘증식증,0,0.182960
PAT_1320_1135_471.png,PAT_1320,ACK,광선각화증,멜라닌세포모반,0,0.142366
PAT_860_1641_998.png,PAT_860,SCC,편평세포암,표피낭종,0,0.000833
PAT_857_1627_310.png,PAT_857,SCC,편평세포암,피지샘증식증,0,0.003839
PAT_1636_2869_739.png,PAT_1636,SEK,지루각화증,악성흑색종,0,0.703057
PAT_829_1566_135.png,PAT_829,BCC,기저세포암,표피낭종,0,0.054974
PAT_50_76_728.png,PAT_50,BCC,기저세포암,악성흑색종,0,0.952542
PAT_1786_3420_346.png,PAT_1786,ACK,광선각화증,악성흑색종,0,0.985610
PAT_1414_1429_53.png,PAT_1414,ACK,광선각화증,악성흑색종,0,0.997437
PAT_51_78_959.png,PAT_51,SCC,편평세포암,악성흑색종,0,0.929065
PAT_937_1768_126.png,PAT_937,ACK,광선각화증,악성흑색종,0,0.982533
PAT_626_1186_898.png,PAT_626,BCC,기저세포암,악성흑색종,0,0.719707
PAT_263_403_382.png,PAT_263,SCC,편평세포암,사마귀,0,0.105857
PAT_1498_1715_345.png,PAT_1498,ACK,광선각화증,표피낭종,0,0.487540
PAT_1534_1810_719.png,PAT_1534,NEV,멜라닌세포모반,멜라닌세포모반,1,0.390519
PAT_368_1652_733.png,PAT_368,BCC,기저세포암,악성흑색종,0,0.802125
PAT_1364_1246_238.png,PAT_1364,NEV,멜라닌세포모반,멜라닌세포모반,1,0.069840
PAT_441_2868_663.png,PAT_441,ACK,광선각화증,광선각화증,1,0.203449
PAT_360_742_782.png,PAT_360,SCC,편평세포암,사마귀,0,0.104123
PAT_650_1230_636.png,PAT_650,BCC,기저세포암,사마귀,0,0.150132
PAT_756_1496_599.png,PAT_756,NEV,멜라닌세포모반,멜라닌세포모반,1,0.153576
PAT_514_969_995.png,PAT_514,BCC,기저세포암,악성흑색종,0,1.000000
PAT_1653_2916_994.png,PAT_1653,SEK,지루각화증,악성흑색종,0,0.700291
PAT_1326_1156_783.png,PAT_1326,NEV,멜라닌세포모반,멜라닌세포모반,1,0.045818
PAT_686_1355_168.png,PAT_686,SCC,편평세포암,악성흑색종,0,0.858584
PAT_1811_3487_560.png,PAT_1811,ACK,광선각화증,표피낭종,0,0.042524
PAT_1282_978_328.png,PAT_1282,ACK,광선각화증,광선각화증,1,0.043089
PAT_874_1672_743.png,PAT_874,SCC,편평세포암,악성흑색종,0,0.633813
PAT_883_1682_256.png,PAT_883,ACK,광선각화증,보웬병,0,0.352834
PAT_71_145_971.png,PAT_71,ACK,광선각화증,악성흑색종,0,0.545927
PAT_599_1140_399.png,PAT_599,ACK,광선각화증,악성흑색종,0,0.999978
PAT_628_1191_564.png,PAT_628,BCC,기저세포암,피지샘증식증,0,0.084479
PAT_1245_844_471.png,PAT_1245,NEV,멜라닌세포모반,멜라닌세포모반,1,0.142436
PAT_375_764_705.png,PAT_375,BCC,기저세포암,악성흑색종,0,0.998127
PAT_1161_578_233.png,PAT_1161,NEV,멜라닌세포모반,멜라닌세포모반,1,0.034605
PAT_1740_3272_228.png,PAT_1740,ACK,광선각화증,광선각화증,1,0.041603
PAT_2159_4792_718.png,PAT_2159,NEV,멜라닌세포모반,악성흑색종,0,0.940633
PAT_830_1565_911.png,PAT_830,BCC,기저세포암,사마귀,0,0.149333
PAT_269_415_906.png,PAT_269,BCC,기저세포암,악성흑색종,0,0.949772
PAT_369_755_733.png,PAT_369,SCC,편평세포암,악성흑색종,0,0.683161
PAT_187_287_482.png,PAT_187,BCC,기저세포암,악성흑색종,0,0.358510
PAT_567_1078_978.png,PAT_567,BCC,기저세포암,사마귀,0,0.187803
PAT_1428_1489_454.png,PAT_1428,ACK,광선각화증,흑색점,0,0.392700
PAT_912_1729_244.png,PAT_912,BCC,기저세포암,사마귀,0,0.297478
PAT_63_1075_331.png,PAT_63,BCC,기저세포암,사마귀,0,0.007067
PAT_1854_3637_323.png,PAT_1854,ACK,광선각화증,악성흑색종,0,0.935820
PAT_188_289_859.png,PAT_188,BCC,기저세포암,광선각화증,0,0.001706
PAT_480_921_1.png,PAT_480,BCC,기저세포암,멜라닌세포모반,0,0.028546
PAT_1730_3236_201.png,PAT_1730,SEK,지루각화증,멜라닌세포모반,0,0.443852
PAT_299_1455_759.png,PAT_299,BCC,기저세포암,악성흑색종,0,0.607942
PAT_1718_3202_152.png,PAT_1718,NEV,멜라닌세포모반,지루각화증,0,0.281245
PAT_1694_3110_213.png,PAT_1694,NEV,멜라닌세포모반,혈관종,0,0.030487
PAT_453_883_719.png,PAT_453,BCC,기저세포암,편평세포암,0,0.557729
PAT_1804_3469_628.png,PAT_1804,ACK,광선각화증,멜라닌세포모반,0,0.147126
PAT_59_93_573.png,PAT_59,BCC,기저세포암,표피낭종,0,0.004460
PAT_1581_2570_738.png,PAT_1581,ACK,광선각화증,악성흑색종,0,0.309855
PAT_1136_517_92.png,PAT_1136,NEV,멜라닌세포모반,악성흑색종,0,0.999907
PAT_662_1251_43.png,PAT_662,BCC,기저세포암,악성흑색종,0,0.999898
PAT_1278_966_295.png,PAT_1278,ACK,광선각화증,악성흑색종,0,0.907794
PAT_656_1246_489.png,PAT_656,MEL,악성흑색종,악성흑색종,1,0.999950
PAT_1324_1146_143.png,PAT_1324,ACK,광선각화증,악성흑색종,0,0.837966
PAT_230_1009_92.png,PAT_230,ACK,광선각화증,악성흑색종,0,0.999031
PAT_56_88_274.png,PAT_56,BCC,기저세포암,편평세포암,0,0.792826
PAT_1333_1177_434.png,PAT_1333,NEV,멜라닌세포모반,멜라닌세포모반,1,0.097306
PAT_193_297_295.png,PAT_193,BCC,기저세포암,피지샘증식증,0,0.051167
PAT_771_1489_70.png,PAT_771,SCC,편평세포암,악성흑색종,0,0.940247
PAT_260_400_566.png,PAT_260,ACK,광선각화증,악성흑색종,0,0.742607
PAT_419_833_148.png,PAT_419,SCC,편평세포암,악성흑색종,0,0.743269
PAT_757_1431_907.png,PAT_757,ACK,광선각화증,표피낭종,0,0.081388
PAT_1547_4231_928.png,PAT_1547,ACK,광선각화증,표피낭종,0,0.198698
PAT_445_871_524.png,PAT_445,BCC,기저세포암,편평세포암,0,0.505320
PAT_904_1737_511.png,PAT_904,BCC,기저세포암,악성흑색종,0,0.999998
PAT_325_1506_440.png,PAT_325,ACK,광선각화증,피지샘증식증,0,0.062830
PAT_866_1649_674.png,PAT_866,BCC,기저세포암,표피낭종,0,0.142064
PAT_370_2558_573.png,PAT_370,ACK,광선각화증,악성흑색종,0,0.984114
PAT_471_909_344.png,PAT_471,NEV,멜라닌세포모반,악성흑색종,0,0.999800
PAT_864_1645_626.png,PAT_864,BCC,기저세포암,악성흑색종,0,0.804423
PAT_1575_2516_618.png,PAT_1575,ACK,광선각화증,표피낭종,0,0.126482
PAT_300_1689_862.png,PAT_300,ACK,광선각화증,악성흑색종,0,0.887379
PAT_753_1834_712.png,PAT_753,ACK,광선각화증,악성흑색종,0,0.999125
PAT_263_1480_753.png,PAT_263,ACK,광선각화증,광선각화증,1,0.201741
PAT_1312_1102_578.png,PAT_1312,SEK,지루각화증,악성흑색종,0,0.733936
PAT_1033_153_301.png,PAT_1033,ACK,광선각화증,악성흑색종,0,0.295691
PAT_972_1843_756.png,PAT_972,MEL,악성흑색종,악성흑색종,1,0.999754
PAT_1245_845_32.png,PAT_1245,NEV,멜라닌세포모반,악성흑색종,0,0.797145
PAT_716_1345_460.png,PAT_716,BCC,기저세포암,악성흑색종,0,0.615084
PAT_2088_4525_507.png,PAT_2088,NEV,멜라닌세포모반,멜라닌세포모반,1,0.005417
PAT_161_250_197.png,PAT_161,BCC,기저세포암,악성흑색종,0,0.888638
PAT_665_1261_17.png,PAT_665,NEV,멜라닌세포모반,악성흑색종,0,0.965504
PAT_417_828_723.png,PAT_417,NEV,멜라닌세포모반,악성흑색종,0,0.999312
PAT_1332_1174_839.png,PAT_1332,SEK,지루각화증,악성흑색종,0,0.998863
PAT_823_1556_787.png,PAT_823,BCC,기저세포암,악성흑색종,0,0.364139
PAT_14_22_850.png,PAT_14,BCC,기저세포암,악성흑색종,0,0.997129
PAT_272_420_10.png,PAT_272,BCC,기저세포암,사마귀,0,0.089151
PAT_1274_954_677.png,PAT_1274,ACK,광선각화증,광선각화증,1,0.298560
PAT_1223_770_120.png,PAT_1223,NEV,멜라닌세포모반,멜라닌세포모반,1,0.003595
PAT_1726_3228_674.png,PAT_1726,ACK,광선각화증,악성흑색종,0,0.999366
PAT_73_111_609.png,PAT_73,BCC,기저세포암,표피낭종,0,0.001509
PAT_677_1348_657.png,PAT_677,BCC,기저세포암,피지샘증식증,0,0.002141
PAT_100_393_898.png,PAT_100,NEV,멜라닌세포모반,악성흑색종,0,0.996157
PAT_1492_1705_728.png,PAT_1492,ACK,광선각화증,악성흑색종,0,0.992805
PAT_720_1362_700.png,PAT_720,BCC,기저세포암,광선각화증,0,0.046441
PAT_439_859_84.png,PAT_439,NEV,멜라닌세포모반,멜라닌세포모반,1,0.030188
PAT_1547_1876_839.png,PAT_1547,ACK,광선각화증,표피낭종,0,0.174050
PAT_2079_4480_586.png,PAT_2079,ACK,광선각화증,표피낭종,0,0.201842
PAT_876_1665_569.png,PAT_876,BCC,기저세포암,악성흑색종,0,0.717090
PAT_237_363_858.png,PAT_237,BCC,기저세포암,악성흑색종,0,0.555208
PAT_388_1592_576.png,PAT_388,BCC,기저세포암,표피낭종,0,0.136085
PAT_58_91_845.png,PAT_58,BCC,기저세포암,편평세포암,0,0.952188
PAT_36_50_14.png,PAT_36,ACK,광선각화증,악성흑색종,0,0.935728
PAT_201_306_781.png,PAT_201,NEV,멜라닌세포모반,악성흑색종,0,0.866253
PAT_771_1490_334.png,PAT_771,BCC,기저세포암,악성흑색종,0,0.975862
PAT_84_128_233.png,PAT_84,BCC,기저세포암,악성흑색종,0,0.983879
PAT_1301_1063_739.png,PAT_1301,ACK,광선각화증,표피낭종,0,0.070123
PAT_1401_1374_593.png,PAT_1401,NEV,멜라닌세포모반,악성흑색종,0,0.791119
PAT_1184_678_86.png,PAT_1184,SEK,지루각화증,악성흑색종,0,0.559810
PAT_478_1829_141.png,PAT_478,BCC,기저세포암,표피낭종,0,0.205822
PAT_181_280_417.png,PAT_181,SCC,편평세포암,악성흑색종,0,0.997809
PAT_364_748_278.png,PAT_364,BCC,기저세포암,악성흑색종,0,0.999862
PAT_251_382_576.png,PAT_251,BCC,기저세포암,멜라닌세포모반,0,0.267968
PAT_1249_861_810.png,PAT_1249,ACK,광선각화증,악성흑색종,0,0.998728
PAT_191_293_314.png,PAT_191,BCC,기저세포암,악성흑색종,0,0.999984
PAT_573_1090_164.png,PAT_573,BCC,기저세포암,피지샘증식증,0,0.056739
PAT_1928_3876_437.png,PAT_1928,NEV,멜라닌세포모반,악성흑색종,0,0.968967
PAT_1407_1402_347.png,PAT_1407,ACK,광선각화증,악성흑색종,0,0.876168
PAT_834_1572_430.png,PAT_834,SCC,편평세포암,악성흑색종,0,0.712463
PAT_1310_1097_774.png,PAT_1310,SEK,지루각화증,악성흑색종,0,0.997097
PAT_318_677_278.png,PAT_318,BCC,기저세포암,표피낭종,0,0.031001
PAT_46_879_386.png,PAT_46,BCC,기저세포암,표피낭종,0,0.055471
PAT_1411_1415_723.png,PAT_1411,SEK,지루각화증,악성흑색종,0,0.993718
PAT_641_3704_317.png,PAT_641,NEV,멜라닌세포모반,멜라닌세포모반,1,0.000354
PAT_242_369_930.png,PAT_242,BCC,기저세포암,표피낭종,0,0.170666
PAT_13_21_350.png,PAT_13,BCC,기저세포암,악성흑색종,0,0.952790
PAT_1495_1708_278.png,PAT_1495,SEK,지루각화증,사마귀,0,0.122366
PAT_248_379_695.png,PAT_248,BCC,기저세포암,피지샘증식증,0,0.088320
PAT_1345_1223_175.png,PAT_1345,NEV,멜라닌세포모반,악성흑색종,0,0.600541
PAT_392_792_22.png,PAT_392,BCC,기저세포암,보웬병,0,0.100669
PAT_146_217_187.png,PAT_146,BCC,기저세포암,악성흑색종,0,0.996581
PAT_1216_760_593.png,PAT_1216,ACK,광선각화증,비립종,0,0.087195
PAT_367_753_130.png,PAT_367,SCC,편평세포암,악성흑색종,0,0.765197
PAT_570_1084_637.png,PAT_570,SCC,편평세포암,악성흑색종,0,0.879840
PAT_570_1085_344.png,PAT_570,BCC,기저세포암,악성흑색종,0,0.879840
PAT_986_1855_702.png,PAT_986,BCC,기저세포암,악성흑색종,0,0.941680
PAT_1671_3008_622.png,PAT_1671,NEV,멜라닌세포모반,악성흑색종,0,0.999800
PAT_370_758_322.png,PAT_370,ACK,광선각화증,악성흑색종,0,0.678850
PAT_1063_268_919.png,PAT_1063,ACK,광선각화증,멜라닌세포모반,0,0.288922
PAT_1464_1612_284.png,PAT_1464,ACK,광선각화증,멜라닌세포모반,0,0.145749
PAT_422_837_617.png,PAT_422,BCC,기저세포암,사마귀,0,0.034271
PAT_662_1251_380.png,PAT_662,BCC,기저세포암,악성흑색종,0,0.998931
PAT_575_1087_29.png,PAT_575,BCC,기저세포암,악성흑색종,0,0.974651
PAT_383_777_129.png,PAT_383,SCC,편평세포암,편평세포암,1,0.459886
PAT_1089_375_60.png,PAT_1089,NEV,멜라닌세포모반,피지샘증식증,0,0.088795
PAT_388_1589_976.png,PAT_388,ACK,광선각화증,표피낭종,0,0.003367
PAT_93_361_51.png,PAT_93,SEK,지루각화증,악성흑색종,0,0.601762
PAT_545_1031_428.png,PAT_545,BCC,기저세포암,피지샘증식증,0,0.005160
PAT_406_1542_754.png,PAT_406,BCC,기저세포암,사마귀,0,0.203355
PAT_872_1709_526.png,PAT_872,ACK,광선각화증,악성흑색종,0,0.723882
PAT_1241_824_82.png,PAT_1241,SEK,지루각화증,멜라닌세포모반,0,0.068206
PAT_949_1802_582.png,PAT_949,MEL,악성흑색종,악성흑색종,1,0.999040
PAT_169_694_411.png,PAT_169,ACK,광선각화증,광선각화증,1,0.039364
PAT_537_1014_452.png,PAT_537,SCC,편평세포암,악성흑색종,0,0.996164
PAT_277_1309_814.png,PAT_277,ACK,광선각화증,광선각화증,1,0.121171
PAT_632_1206_634.png,PAT_632,SCC,편평세포암,편평세포암,1,0.523498
PAT_1184_676_904.png,PAT_1184,ACK,광선각화증,악성흑색종,0,0.710302
PAT_1946_3924_929.png,PAT_1946,SEK,지루각화증,표피낭종,0,0.080349
PAT_632_1206_637.png,PAT_632,SCC,편평세포암,악성흑색종,0,0.999245
PAT_822_1551_573.png,PAT_822,BCC,기저세포암,악성흑색종,0,0.570271
PAT_683_1297_195.png,PAT_683,BCC,기저세포암,피지샘증식증,0,0.084007
PAT_982_1852_526.png,PAT_982,ACK,광선각화증,악성흑색종,0,0.586870
PAT_574_1081_628.png,PAT_574,SCC,편평세포암,피지샘증식증,0,0.136215
PAT_1408_1406_950.png,PAT_1408,SEK,지루각화증,악성흑색종,0,0.827361
PAT_736_1392_562.png,PAT_736,BCC,기저세포암,악성흑색종,0,0.965018
PAT_691_1312_389.png,PAT_691,MEL,악성흑색종,악성흑색종,1,0.999537
PAT_687_1304_898.png,PAT_687,BCC,기저세포암,광선각화증,0,0.160830
PAT_838_1585_979.png,PAT_838,BCC,기저세포암,멜라닌세포모반,0,0.262921
PAT_1414_1426_124.png,PAT_1414,SEK,지루각화증,악성흑색종,0,0.972578
PAT_719_1361_160.png,PAT_719,MEL,악성흑색종,악성흑색종,1,0.999671
PAT_1107_427_352.png,PAT_1107,NEV,멜라닌세포모반,악성흑색종,0,0.361493
PAT_992_1864_653.png,PAT_992,ACK,광선각화증,악성흑색종,0,0.998745
PAT_1051_220_356.png,PAT_1051,ACK,광선각화증,표피낭종,0,0.174151
PAT_1209_737_590.png,PAT_1209,ACK,광선각화증,악성흑색종,0,0.683299
PAT_2152_4781_332.png,PAT_2152,SEK,지루각화증,악성흑색종,0,0.657716
PAT_323_687_169.png,PAT_323,SCC,편평세포암,악성흑색종,0,0.999309
PAT_833_1571_134.png,PAT_833,BCC,기저세포암,악성흑색종,0,0.634607
PAT_233_354_828.png,PAT_233,MEL,악성흑색종,악성흑색종,1,0.970618
PAT_1536_1819_562.png,PAT_1536,ACK,광선각화증,악성흑색종,0,0.940163
PAT_387_1614_866.png,PAT_387,BCC,기저세포암,악성흑색종,0,0.712289
PAT_1707_3148_237.png,PAT_1707,ACK,광선각화증,악성흑색종,0,0.952275
PAT_851_4520_743.png,PAT_851,SEK,지루각화증,흑색점,0,0.373676
PAT_167_258_479.png,PAT_167,BCC,기저세포암,광선각화증,0,0.123847
PAT_1755_3309_828.png,PAT_1755,SEK,지루각화증,흑색점,0,0.014387
PAT_710_1330_243.png,PAT_710,MEL,악성흑색종,멜라닌세포모반,0,0.228236
PAT_145_216_110.png,PAT_145,BCC,기저세포암,악성흑색종,0,0.997498
PAT_317_675_144.png,PAT_317,ACK,광선각화증,악성흑색종,0,0.677260
PAT_942_1792_411.png,PAT_942,ACK,광선각화증,광선각화증,1,0.012037
PAT_324_1465_43.png,PAT_324,SCC,편평세포암,표피낭종,0,0.005976
PAT_894_1679_640.png,PAT_894,MEL,악성흑색종,악성흑색종,1,0.948001
PAT_373_2598_235.png,PAT_373,SEK,지루각화증,사마귀,0,0.417129
PAT_31_43_129.png,PAT_31,BCC,기저세포암,악성흑색종,0,0.944058
PAT_220_338_339.png,PAT_220,SCC,편평세포암,표피낭종,0,0.411991
PAT_1980_4018_929.png,PAT_1980,ACK,광선각화증,악성흑색종,0,0.928326
PAT_69_1053_332.png,PAT_69,ACK,광선각화증,악성흑색종,0,0.999998
PAT_454_884_28.png,PAT_454,SCC,편평세포암,악성흑색종,0,0.980478
PAT_1855_3641_327.png,PAT_1855,ACK,광선각화증,광선각화증,1,0.246439
PAT_1074_322_864.png,PAT_1074,ACK,광선각화증,악성흑색종,0,0.971058
PAT_213_328_117.png,PAT_213,NEV,멜라닌세포모반,악성흑색종,0,0.997667
PAT_980_1849_295.png,PAT_980,BCC,기저세포암,악성흑색종,0,0.934991
PAT_91_140_664.png,PAT_91,ACK,광선각화증,악성흑색종,0,0.704174
PAT_369_756_130.png,PAT_369,SCC,편평세포암,악성흑색종,0,0.810070
PAT_1303_1077_501.png,PAT_1303,ACK,광선각화증,악성흑색종,0,0.905011
PAT_484_926_624.png,PAT_484,ACK,광선각화증,표피낭종,0,0.026997
PAT_742_1470_834.png,PAT_742,ACK,광선각화증,악성흑색종,0,0.433316
PAT_215_330_341.png,PAT_215,SCC,편평세포암,악성흑색종,0,0.998917
PAT_1185_679_115.png,PAT_1185,SEK,지루각화증,악성흑색종,0,0.521055
PAT_404_805_575.png,PAT_404,ACK,광선각화증,피지샘증식증,0,0.037707
PAT_890_1693_904.png,PAT_890,MEL,악성흑색종,악성흑색종,1,0.990445
PAT_756_1495_858.png,PAT_756,NEV,멜라닌세포모반,멜라닌세포모반,1,0.490164
PAT_1554_2392_767.png,PAT_1554,SEK,지루각화증,악성흑색종,0,0.761699
PAT_1969_3980_995.png,PAT_1969,ACK,광선각화증,악성흑색종,0,0.443478
PAT_1202_722_827.png,PAT_1202,SEK,지루각화증,악성흑색종,0,0.666418
PAT_101_1041_898.png,PAT_101,BCC,기저세포암,악성흑색종,0,0.963178
PAT_388_4500_103.png,PAT_388,ACK,광선각화증,표피낭종,0,0.369023
PAT_455_885_115.png,PAT_455,BCC,기저세포암,악성흑색종,0,0.989884
PAT_2013_4148_303.png,PAT_2013,NEV,멜라닌세포모반,멜라닌세포모반,1,0.209848
PAT_307_1685_651.png,PAT_307,ACK,광선각화증,악성흑색종,0,0.969351
PAT_844_1605_308.png,PAT_844,SCC,편평세포암,악성흑색종,0,0.896090
PAT_172_267_557.png,PAT_172,BCC,기저세포암,악성흑색종,0,0.997834
PAT_93_361_467.png,PAT_93,SEK,지루각화증,악성흑색종,0,0.989412
PAT_1415_1440_629.png,PAT_1415,ACK,광선각화증,표피낭종,0,0.145479
PAT_1414_1433_570.png,PAT_1414,ACK,광선각화증,악성흑색종,0,0.976747
PAT_355_732_102.png,PAT_355,BCC,기저세포암,표피낭종,0,0.020747
PAT_2062_4397_39.png,PAT_2062,NEV,멜라닌세포모반,멜라닌세포모반,1,0.047892
PAT_561_1068_557.png,PAT_561,BCC,기저세포암,편평세포암,0,0.978952
PAT_781_1474_517.png,PAT_781,BCC,기저세포암,멜라닌세포모반,0,0.393404
PAT_2123_4647_95.png,PAT_2123,ACK,광선각화증,악성흑색종,0,0.999995
PAT_1571_2484_488.png,PAT_1571,ACK,광선각화증,광선각화증,1,0.009938
PAT_1520_1777_935.png,PAT_1520,NEV,멜라닌세포모반,악성흑색종,0,0.999042
PAT_247_1294_292.png,PAT_247,BCC,기저세포암,악성흑색종,0,0.952941
PAT_406_808_560.png,PAT_406,BCC,기저세포암,표피낭종,0,0.283845
PAT_78_118_164.png,PAT_78,BCC,기저세포암,악성흑색종,0,0.725695
PAT_81_123_52.png,PAT_81,ACK,광선각화증,악성흑색종,0,0.925044
PAT_2077_4463_77.png,PAT_2077,ACK,광선각화증,악성흑색종,0,0.963066
PAT_935_1781_920.png,PAT_935,BCC,기저세포암,악성흑색종,0,0.851946
PAT_798_1770_256.png,PAT_798,ACK,광선각화증,멜라닌세포모반,0,0.162330
PAT_377_768_643.png,PAT_377,BCC,기저세포암,광선각화증,0,0.047916
PAT_920_1748_942.png,PAT_920,ACK,광선각화증,흑색점,0,0.110146
PAT_118_180_500.png,PAT_118,BCC,기저세포암,악성흑색종,0,0.997714
PAT_684_1303_368.png,PAT_684,BCC,기저세포암,악성흑색종,0,0.920516
PAT_890_1693_454.png,PAT_890,MEL,악성흑색종,악성흑색종,1,0.981289
PAT_1787_3421_516.png,PAT_1787,NEV,멜라닌세포모반,멜라닌세포모반,1,0.267762
PAT_1421_1464_297.png,PAT_1421,ACK,광선각화증,악성흑색종,0,0.587924
PAT_70_107_155.png,PAT_70,MEL,악성흑색종,악성흑색종,1,0.998892
PAT_464_1794_271.png,PAT_464,BCC,기저세포암,악성흑색종,0,0.749148
PAT_636_1204_666.png,PAT_636,BCC,기저세포암,악성흑색종,0,0.998087
PAT_943_1793_256.png,PAT_943,BCC,기저세포암,표피낭종,0,0.177967
PAT_522_3168_747.png,PAT_522,NEV,멜라닌세포모반,악성흑색종,0,0.462929
PAT_562_1110_360.png,PAT_562,BCC,기저세포암,표피낭종,0,0.077985
PAT_689_1307_354.png,PAT_689,SCC,편평세포암,광선각화증,0,0.037280
PAT_223_1068_246.png,PAT_223,ACK,광선각화증,악성흑색종,0,0.979801
PAT_1260_894_63.png,PAT_1260,ACK,광선각화증,악성흑색종,0,0.757267
PAT_1148_542_708.png,PAT_1148,NEV,멜라닌세포모반,멜라닌세포모반,1,0.082160
PAT_878_1663_7.png,PAT_878,ACK,광선각화증,사마귀,0,0.005567
PAT_983_1854_274.png,PAT_983,ACK,광선각화증,악성흑색종,0,0.996624
PAT_75_113_647.png,PAT_75,SCC,편평세포암,사마귀,0,0.238679
PAT_159_245_181.png,PAT_159,BCC,기저세포암,악성흑색종,0,0.905349
PAT_2161_4819_719.png,PAT_2161,NEV,멜라닌세포모반,멜라닌세포모반,1,0.033424
PAT_1850_3631_519.png,PAT_1850,ACK,광선각화증,악성흑색종,0,0.986811
PAT_2024_4221_632.png,PAT_2024,ACK,광선각화증,악성흑색종,0,0.468730
PAT_78_118_685.png,PAT_78,BCC,기저세포암,사마귀,0,0.010481
PAT_217_332_906.png,PAT_217,BCC,기저세포암,표피낭종,0,0.383799
PAT_1633_2855_460.png,PAT_1633,ACK,광선각화증,표피낭종,0,0.126241
PAT_202_308_692.png,PAT_202,ACK,광선각화증,악성흑색종,0,0.935847
PAT_767_1501_691.png,PAT_767,BCC,기저세포암,표피낭종,0,0.044119
PAT_139_207_342.png,PAT_139,BCC,기저세포암,악성흑색종,0,0.635720
PAT_1563_2425_443.png,PAT_1563,SEK,지루각화증,멜라닌세포모반,0,0.067770
PAT_842_1606_971.png,PAT_842,BCC,기저세포암,사마귀,0,0.064485
PAT_775_1463_616.png,PAT_775,BCC,기저세포암,악성흑색종,0,0.536170
PAT_93_361_231.png,PAT_93,SEK,지루각화증,악성흑색종,0,0.994891
PAT_531_1004_792.png,PAT_531,BCC,기저세포암,광선각화증,0,0.022887
PAT_1180_650_843.png,PAT_1180,ACK,광선각화증,광선각화증,1,0.412724
PAT_1983_4032_502.png,PAT_1983,ACK,광선각화증,악성흑색종,0,0.988557
PAT_1063_271_448.png,PAT_1063,ACK,광선각화증,악성흑색종,0,0.441838
PAT_416_824_540.png,PAT_416,BCC,기저세포암,편평세포암,0,0.754712
PAT_520_983_932.png,PAT_520,BCC,기저세포암,보웬병,0,0.385553
PAT_1415_1437_743.png,PAT_1415,SEK,지루각화증,멜라닌세포모반,0,0.122684
PAT_624_1179_323.png,PAT_624,SCC,편평세포암,악성흑색종,0,0.647549
PAT_517_971_88.png,PAT_517,BCC,기저세포암,악성흑색종,0,0.998682
PAT_1734_3240_299.png,PAT_1734,SEK,지루각화증,멜라닌세포모반,0,0.154918
PAT_1786_3419_768.png,PAT_1786,ACK,광선각화증,표피낭종,0,0.001394
PAT_21_31_965.png,PAT_21,NEV,멜라닌세포모반,악성흑색종,0,0.257440
PAT_149_221_679.png,PAT_149,BCC,기저세포암,표피낭종,0,0.225654
PAT_148_220_174.png,PAT_148,ACK,광선각화증,표피낭종,0,0.112066
PAT_1242_826_903.png,PAT_1242,NEV,멜라닌세포모반,악성흑색종,0,0.999799
PAT_85_129_896.png,PAT_85,ACK,광선각화증,사마귀,0,0.256201
PAT_1577_3527_831.png,PAT_1577,SEK,지루각화증,악성흑색종,0,0.910396
PAT_889_1689_986.png,PAT_889,ACK,광선각화증,악성흑색종,0,0.999873
PAT_645_1461_111.png,PAT_645,BCC,기저세포암,사마귀,0,0.016168
PAT_2140_4726_85.png,PAT_2140,ACK,광선각화증,악성흑색종,0,0.522696
PAT_990_1860_478.png,PAT_990,SCC,편평세포암,사마귀,0,0.057585
PAT_553_1049_461.png,PAT_553,BCC,기저세포암,피지샘증식증,0,0.227059
PAT_1455_1585_690.png,PAT_1455,SEK,지루각화증,악성흑색종,0,0.423596
PAT_744_1404_951.png,PAT_744,BCC,기저세포암,악성흑색종,0,0.493662
PAT_488_931_321.png,PAT_488,BCC,기저세포암,악성흑색종,0,0.607719
PAT_87_133_159.png,PAT_87,SEK,지루각화증,악성흑색종,0,0.830115
PAT_2082_4491_519.png,PAT_2082,ACK,광선각화증,광선각화증,1,0.077278
PAT_1701_3136_33.png,PAT_1701,ACK,광선각화증,악성흑색종,0,0.916971
PAT_409_2614_24.png,PAT_409,ACK,광선각화증,표피낭종,0,0.244199
PAT_763_1439_668.png,PAT_763,ACK,광선각화증,악성흑색종,0,0.986879
PAT_1219_764_111.png,PAT_1219,NEV,멜라닌세포모반,표피낭종,0,0.032644
PAT_2070_4430_290.png,PAT_2070,ACK,광선각화증,악성흑색종,0,0.981971
PAT_857_1628_916.png,PAT_857,ACK,광선각화증,악성흑색종,0,0.936961
PAT_1304_1081_84.png,PAT_1304,SEK,지루각화증,악성흑색종,0,0.963856
PAT_115_1138_970.png,PAT_115,MEL,악성흑색종,악성흑색종,1,0.994562
PAT_880_1674_223.png,PAT_880,ACK,광선각화증,표피낭종,0,0.088223
PAT_931_1763_617.png,PAT_931,ACK,광선각화증,악성흑색종,0,0.863015
PAT_267_1061_324.png,PAT_267,BCC,기저세포암,피지샘증식증,0,0.030351
PAT_1026_124_206.png,PAT_1026,ACK,광선각화증,악성흑색종,0,0.968748
PAT_1216_759_365.png,PAT_1216,NEV,멜라닌세포모반,사마귀,0,0.193139
PAT_389_2600_833.png,PAT_389,ACK,광선각화증,악성흑색종,0,0.717082
PAT_653_1234_311.png,PAT_653,SCC,편평세포암,악성흑색종,0,0.814656
PAT_106_158_270.png,PAT_106,BCC,기저세포암,표피낭종,0,0.061429
PAT_113_172_610.png,PAT_113,SCC,편평세포암,편평세포암,1,0.988943
PAT_1466_1618_147.png,PAT_1466,ACK,광선각화증,악성흑색종,0,0.394963
PAT_486_929_317.png,PAT_486,MEL,악성흑색종,악성흑색종,1,0.961757
PAT_849_1613_824.png,PAT_849,ACK,광선각화증,피지샘증식증,0,0.012523
PAT_104_1756_151.png,PAT_104,BCC,기저세포암,악성흑색종,0,0.412247
PAT_682_1292_642.png,PAT_682,BCC,기저세포암,피지샘증식증,0,0.003754
PAT_1655_2923_425.png,PAT_1655,ACK,광선각화증,악성흑색종,0,0.985681
PAT_443_864_894.png,PAT_443,BCC,기저세포암,표피낭종,0,0.001876
PAT_730_1385_585.png,PAT_730,BCC,기저세포암,사마귀,0,0.062636
PAT_838_1586_622.png,PAT_838,BCC,기저세포암,표피낭종,0,0.106561
PAT_913_1730_815.png,PAT_913,BCC,기저세포암,표피낭종,0,0.001683
PAT_1978_4004_304.png,PAT_1978,SEK,지루각화증,멜라닌세포모반,0,0.111919
PAT_320_681_410.png,PAT_320,MEL,악성흑색종,멜라닌세포모반,0,0.447625
PAT_1696_3115_917.png,PAT_1696,SEK,지루각화증,악성흑색종,0,0.752368
PAT_309_662_737.png,PAT_309,BCC,기저세포암,편평세포암,0,0.968369
PAT_82_125_907.png,PAT_82,BCC,기저세포암,악성흑색종,0,0.983700
PAT_191_293_699.png,PAT_191,BCC,기저세포암,악성흑색종,0,0.999942
PAT_619_1175_767.png,PAT_619,BCC,기저세포암,사마귀,0,0.005835
PAT_693_1313_304.png,PAT_693,ACK,광선각화증,멜라닌세포모반,0,0.071158
PAT_1838_3609_254.png,PAT_1838,SEK,지루각화증,악성흑색종,0,0.469139
PAT_387_786_782.png,PAT_387,SCC,편평세포암,사마귀,0,0.225360
PAT_337_1697_721.png,PAT_337,ACK,광선각화증,악성흑색종,0,0.392315
PAT_40_56_499.png,PAT_40,BCC,기저세포암,악성흑색종,0,0.982235
PAT_460_894_429.png,PAT_460,BCC,기저세포암,악성흑색종,0,0.998378
PAT_650_3858_329.png,PAT_650,SEK,지루각화증,사마귀,0,0.349770
PAT_100_393_595.png,PAT_100,NEV,멜라닌세포모반,악성흑색종,0,0.999709
PAT_1297_1048_353.png,PAT_1297,NEV,멜라닌세포모반,멜라닌세포모반,1,0.071709
PAT_223_1067_569.png,PAT_223,ACK,광선각화증,악성흑색종,0,0.996831
PAT_2114_4609_615.png,PAT_2114,ACK,광선각화증,표피낭종,0,0.294495
PAT_581_1114_116.png,PAT_581,BCC,기저세포암,표피낭종,0,0.066702
PAT_973_1839_34.png,PAT_973,ACK,광선각화증,악성흑색종,0,0.999424
PAT_1341_1212_539.png,PAT_1341,SEK,지루각화증,흑색점,0,0.234779
PAT_479_917_598.png,PAT_479,BCC,기저세포암,광선각화증,0,0.006419
PAT_202_308_721.png,PAT_202,ACK,광선각화증,표피낭종,0,0.002567
PAT_1246_846_111.png,PAT_1246,ACK,광선각화증,악성흑색종,0,0.468408
PAT_1540_1847_249.png,PAT_1540,ACK,광선각화증,악성흑색종,0,0.902742
PAT_43_61_210.png,PAT_43,SCC,편평세포암,악성흑색종,0,0.984180
PAT_1913_3818_991.png,PAT_1913,ACK,광선각화증,멜라닌세포모반,0,0.194625
PAT_876_1665_386.png,PAT_876,BCC,기저세포암,악성흑색종,0,0.484744
PAT_1304_1079_859.png,PAT_1304,SEK,지루각화증,악성흑색종,0,0.802743
PAT_785_1479_108.png,PAT_785,BCC,기저세포암,악성흑색종,0,0.770866
PAT_214_329_300.png,PAT_214,BCC,기저세포암,악성흑색종,0,0.993517
PAT_383_779_429.png,PAT_383,BCC,기저세포암,표피낭종,0,0.266499
PAT_131_197_260.png,PAT_131,SCC,편평세포암,악성흑색종,0,0.753096
PAT_359_741_966.png,PAT_359,SCC,편평세포암,멜라닌세포모반,0,0.290806
PAT_564_1079_31.png,PAT_564,BCC,기저세포암,사마귀,0,0.256708
PAT_695_1314_822.png,PAT_695,BCC,기저세포암,사마귀,0,0.014395
PAT_527_1360_225.png,PAT_527,BCC,기저세포암,악성흑색종,0,0.999288
PAT_1513_1747_851.png,PAT_1513,ACK,광선각화증,악성흑색종,0,0.722973
PAT_726_1371_397.png,PAT_726,BCC,기저세포암,사마귀,0,0.214244
PAT_774_1462_821.png,PAT_774,BCC,기저세포암,피지샘증식증,0,0.076994
PAT_715_1338_761.png,PAT_715,ACK,광선각화증,광선각화증,1,0.010712
PAT_281_1518_571.png,PAT_281,NEV,멜라닌세포모반,표피낭종,0,0.130097
PAT_503_950_368.png,PAT_503,BCC,기저세포암,광선각화증,0,0.229319
PAT_1418_1452_948.png,PAT_1418,ACK,광선각화증,악성흑색종,0,0.587263
PAT_1967_3976_736.png,PAT_1967,ACK,광선각화증,광선각화증,1,0.164606
PAT_575_1088_134.png,PAT_575,BCC,기저세포암,악성흑색종,0,0.555600
PAT_97_151_587.png,PAT_97,BCC,기저세포암,표피낭종,0,0.017901
PAT_1757_3316_304.png,PAT_1757,ACK,광선각화증,악성흑색종,0,0.999857
PAT_30_41_815.png,PAT_30,BCC,기저세포암,악성흑색종,0,0.837323
PAT_698_1319_166.png,PAT_698,SCC,편평세포암,사마귀,0,0.035606
PAT_1706_3144_891.png,PAT_1706,ACK,광선각화증,표피낭종,0,0.027676
PAT_627_1188_503.png,PAT_627,NEV,멜라닌세포모반,멜라닌세포모반,1,0.209013
PAT_886_1684_103.png,PAT_886,ACK,광선각화증,멜라닌세포모반,0,0.348484
PAT_856_1626_630.png,PAT_856,BCC,기저세포암,표피낭종,0,0.022871
PAT_645_1500_364.png,PAT_645,BCC,기저세포암,악성흑색종,0,0.998140
PAT_135_202_593.png,PAT_135,BCC,기저세포암,표피낭종,0,0.303654
PAT_215_330_224.png,PAT_215,SCC,편평세포암,악성흑색종,0,0.717045
PAT_927_1759_849.png,PAT_927,BCC,기저세포암,악성흑색종,0,0.782030
PAT_715_1339_508.png,PAT_715,SEK,지루각화증,사마귀,0,0.001740
PAT_90_138_605.png,PAT_90,BCC,기저세포암,편평세포암,0,0.951014
PAT_943_1793_787.png,PAT_943,BCC,기저세포암,악성흑색종,0,0.537671
PAT_482_2928_201.png,PAT_482,SEK,지루각화증,흑색점,0,0.007213
PAT_474_912_879.png,PAT_474,BCC,기저세포암,악성흑색종,0,0.626524
PAT_279_430_356.png,PAT_279,ACK,광선각화증,표피낭종,0,0.038089
PAT_1392_1352_828.png,PAT_1392,SEK,지루각화증,악성흑색종,0,0.719570
PAT_1429_1491_451.png,PAT_1429,ACK,광선각화증,악성흑색종,0,0.767038
PAT_45_66_822.png,PAT_45,MEL,악성흑색종,악성흑색종,1,0.999977
PAT_1913_3815_367.png,PAT_1913,ACK,광선각화증,표피낭종,0,0.185643
PAT_999_20_401.png,PAT_999,ACK,광선각화증,피부섬유종,0,0.116189
PAT_1094_381_355.png,PAT_1094,ACK,광선각화증,멜라닌세포모반,0,0.221841
PAT_229_349_141.png,PAT_229,BCC,기저세포암,편평세포암,0,0.356160
PAT_219_337_358.png,PAT_219,SCC,편평세포암,악성흑색종,0,0.972390
PAT_738_1552_502.png,PAT_738,SEK,지루각화증,흑색점,0,0.163688
PAT_985_1856_91.png,PAT_985,BCC,기저세포암,악성흑색종,0,0.999632
PAT_1657_2932_680.png,PAT_1657,NEV,멜라닌세포모반,피지샘증식증,0,0.017742
PAT_739_1398_331.png,PAT_739,ACK,광선각화증,악성흑색종,0,0.901146
PAT_160_249_76.png,PAT_160,BCC,기저세포암,악성흑색종,0,0.999868
PAT_336_705_711.png,PAT_336,BCC,기저세포암,악성흑색종,0,0.403957
PAT_1613_2744_603.png,PAT_1613,NEV,멜라닌세포모반,악성흑색종,0,0.896533
PAT_181_281_54.png,PAT_181,BCC,기저세포암,악성흑색종,0,0.967193
PAT_126_192_208.png,PAT_126,ACK,광선각화증,피지샘증식증,0,0.000485
PAT_192_884_310.png,PAT_192,ACK,광선각화증,광선각화증,1,0.181095
PAT_172_266_950.png,PAT_172,BCC,기저세포암,악성흑색종,0,0.999998
PAT_987_1859_724.png,PAT_987,ACK,광선각화증,악성흑색종,0,0.650111
PAT_1401_1373_881.png,PAT_1401,NEV,멜라닌세포모반,악성흑색종,0,0.934772
PAT_1403_1392_848.png,PAT_1403,ACK,광선각화증,악성흑색종,0,0.831431
PAT_190_291_366.png,PAT_190,BCC,기저세포암,광선각화증,0,0.018727
PAT_830_1564_740.png,PAT_830,BCC,기저세포암,악성흑색종,0,0.931979
PAT_360_742_768.png,PAT_360,SCC,편평세포암,악성흑색종,0,0.774922
PAT_1712_3175_600.png,PAT_1712,ACK,광선각화증,악성흑색종,0,0.942238
PAT_1713_3179_888.png,PAT_1713,SEK,지루각화증,악성흑색종,0,0.965455
PAT_681_1299_458.png,PAT_681,BCC,기저세포암,악성흑색종,0,0.944330
PAT_747_1409_466.png,PAT_747,ACK,광선각화증,표피낭종,0,0.002488
PAT_136_203_436.png,PAT_136,BCC,기저세포암,사마귀,0,0.211315
PAT_1801_3461_351.png,PAT_1801,NEV,멜라닌세포모반,멜라닌세포모반,1,0.384772
PAT_498_944_488.png,PAT_498,ACK,광선각화증,피지샘증식증,0,0.261958
PAT_492_937_43.png,PAT_492,SCC,편평세포암,악성흑색종,0,0.986802
PAT_414_822_420.png,PAT_414,ACK,광선각화증,사마귀,0,0.005286
PAT_754_1429_380.png,PAT_754,MEL,악성흑색종,악성흑색종,1,0.968967
PAT_1407_1402_562.png,PAT_1407,ACK,광선각화증,악성흑색종,0,0.931957
PAT_386_785_536.png,PAT_386,ACK,광선각화증,광선각화증,1,0.056007
PAT_1294_1031_466.png,PAT_1294,ACK,광선각화증,피지샘증식증,0,0.083861
PAT_273_421_905.png,PAT_273,BCC,기저세포암,광선각화증,0,0.328688
PAT_491_934_46.png,PAT_491,SCC,편평세포암,표피낭종,0,0.039032
PAT_1708_3156_175.png,PAT_1708,ACK,광선각화증,악성흑색종,0,0.984878
PAT_46_880_140.png,PAT_46,BCC,기저세포암,표피낭종,0,0.014475
PAT_1343_1217_404.png,PAT_1343,SEK,지루각화증,악성흑색종,0,0.950032
PAT_326_690_823.png,PAT_326,BCC,기저세포암,표피낭종,0,0.050965
PAT_1714_3189_989.png,PAT_1714,SEK,지루각화증,표피낭종,0,0.199698
